#;J'ai tendance à manipuler les gens pour avoir ce que je veux :;J'ai utilisé la tromperie et le mensonge pour parvenir à mes fins :;J'ai utilisé la flatterie pour obtenir ce que je voulais :;J'ai tendance à exploiter les autres pour atteindre mes objectifs :;J'ai tendance à éprouver peu de remord :;J'ai tendance à ne pas trop accorder d'attention à la moralité de mes actions:;J'ai tendance à être dur et insensible :;J'ai tendance à être cynique :;Je suis porté(e) à rechercher l'admiration des autres :;J'ai tendance à vouloir que les autres m'accordent de l'attention :;J'ai tendance à rechercher le prestige et un statut particulier :;J'ai tendance à attendre des traitements de faveur de la part des autres :;Etes-vous une femme ou un homme ?;En quelle année êtes-vous ?;Dans quel département êtes-vous ?;Quel département souhaitez-vous rejoindre ?;Souhaitez-vous réaliser un semestre ou un double diplôme à l'étranger ?;Partez-vous en semestre/DD à l'étranger (ou êtes-vous déjà partis) ?;Non;Oui, je suis dans un bureau d'association;Oui, en dehors du bureau (com);Oui, j'occupe un poste de capitaine sportif;Où résidez-vous ?;Avez-vous choisi votre PEP par défaut ou est-ce un véritable engagement de votre part ?;Pas de projet particulier;Enseignement;Solidaire;Scientifique;Culturel/artistique;Entrepreneurial;Occupez-vous un poste à responsabilités au sein de l'école ? (Représentant de promotion/ de département, conseil pédagogique...) :;Avez-vous listé :;Participez-vous souvent à des soirées/ gros apéros :;Participez-vous souvent à des activités organisées par des associations ou bureaux (GBA, Afterworks ...) :;Vous qualifieriez-vous de sociable au sein de l'école ?;Faites un chi-fou-mi avec une personne dans la pièce. Avez-vous gagné ?;mac;narc;psy;Start Date (UTC);Submit Date (UTC);Network ID
;;;;;;;;;;;;;;;;;;;;;;;;;;;;;;;;;;;;;;;;;;
;;;;;;;;;;;;;(Cette question sert à donner les moyennes de la population correspondante à la fin du test.);;;;;;;;;;;;;;;;;;;;;;;;;;;;;
l8hx4qamjpwl2vytrrl8hxnle19zbt7m;8;2;9;2;1;1;1;6;9;9;9;1;Homme;3A;2ER;;;Non, je n'en ai pas demandé;;;Oui, en dehors du bureau (com);;Externe à la MDE (par choix);Véritable engagement;;;;Scientifique;Culturel/artistique;;0;1;2;5;6;Il n'y a personne dans la pièce;5.25;7.00;2.25;18/03/2021 12:03;18/03/2021 12:06;1,03E+07
n43jzmneqs4etzav2l4sn43jnkpm8nl8;1;2;4;6;1;4;3;4;8;7;7;7;Homme;1A;;Je ne sais pas encore;Je ne sais pas;;Non;;;;Maison Des Elèves (MDE);Par défaut;;;;Scientifique;;;0;1;6;5;5;oui;3.25;7.25;3.00;16/03/2021 14:24;16/03/2021 14:27;b60f6c2f61
352eoiif28gyx38x352eoiiweu568mhy;7;6;8;8;5;7;3;5;6;5;5;4;Homme;1A;;GC;Je ne sais pas;;Non;;;;Maison Des Elèves (MDE);Par défaut;;;;;Culturel/artistique;;0;1;7;7;6;oui;7.25;5.00;5.00;16/03/2021 10:50;16/03/2021 10:55;b60f6c2f61
997fp79h5zsxs812b0vj997fwj15vzdp;7;6;6;7;6;2;3;6;8;8;8;7;Homme;1A;;GC;Un DD;;Non;;;;Externe à la MDE (par contrainte);Véritable engagement;;;Solidaire;;;Entrepreneurial;0;1;2;1;5;non;6.50;7.75;4.25;16/03/2021 10:43;16/03/2021 10:49;b60f6c2f61
rmtqhghoqgrr8n4o60eywrmtqh1mj0i7;2;3;2;3;1;1;7;5;7;3;8;1;Homme;1A;;2ER;Un semestre;;;Oui, je suis dans un bureau d'association;;;Maison Des Elèves (MDE);Véritable engagement;Pas de projet particulier;;;;;;0;1;4;4;2;Il n'y a personne dans la pièce;2.50;4.75;3.50;16/03/2021 09:39;16/03/2021 09:45;b60f6c2f61
92660j680sblyr71z1s92660jbtp15lf;3;1;1;1;6;1;5;2;1;6;1;3;Homme;1A;;Je ne sais pas encore;Un semestre;;;Oui, je suis dans un bureau d'association;;;Maison Des Elèves (MDE);Véritable engagement;Pas de projet particulier;;;;;;0;1;5;7;7;oui;1.50;2.75;3.50;15/03/2021 16:00;15/03/2021 16:09;b60f6c2f61
el5cpdbpx8zv7xo37p8el5cpd4a0xdaq;5;6;2;2;1;3;3;2;5;2;7;2;Homme;2A;PRISM;;;Non, je n'en ai pas demandé;;Oui, je suis dans un bureau d'association;;;Externe à la MDE (par choix);Véritable engagement;Pas de projet particulier;;;;;;0;1;5;4;6;oui;3.75;4.00;2.25;15/03/2021 11:00;15/03/2021 11:05;b60f6c2f61
gz3zeto9cpadhf0c6oqgz3zetomj6ewp;5;6;5;5;3;3;7;9;6;7;7;4;Homme;2A;PRISM;;;Non, je n'en ai pas demandé;;;Oui, en dehors du bureau (com);;Externe à la MDE (par choix);Véritable engagement;Pas de projet particulier;;;;;;0;1;5;6;6;oui;5.25;6.00;5.50;15/03/2021 10:58;15/03/2021 11:01;b60f6c2f61
emdhrsdtu3e0t8emdheduga4o2x17h9q;4;3;3;1;8;2;7;3;4;5;1;1;Homme;2A;2IA;;;Non, je n'en ai pas demandé;;Oui, je suis dans un bureau d'association;;;Maison Des Elèves (MDE);Par défaut;Pas de projet particulier;;;;;;0;0;3;4;2;Il n'y a personne dans la pièce;2.75;2.75;5.00;15/03/2021 08:03;15/03/2021 08:10;4c0dcd4b86
7mkfm2v0vkkax97mhk7uda4e3mwyr5rh;5;2;2;9;3;1;3;6;4;6;5;6;Homme;1A;;Je ne sais pas encore;Je ne sais pas;;Non;;;;Maison Des Elèves (MDE);Par défaut;Pas de projet particulier;;;;;;0;0;2;4;3;Il n'y a personne dans la pièce;4.50;5.25;3.25;13/03/2021 18:38;13/03/2021 18:41;f80e7873ec
dz1c0uk8bumljo1g2zgdz1c0jzdnfavz;2;2;2;2;5;1;2;2;2;2;2;2;Homme;2A;GC;;;Semestre;;Oui, je suis dans un bureau d'association;;;Maison Des Elèves (MDE);Véritable engagement;Pas de projet particulier;;;;;;0;0;2;3;5;non;2.00;2.00;2.50;13/03/2021 14:09;13/03/2021 14:13;15823f6b1e
punvk0ysd8jolxo2nqiepunvk090y1r8;7;6;1;7;6;1;3;6;5;5;5;4;Homme;3A;PRISM;;;Non, je n'en ai pas demandé;Non;;;;Maison Des Elèves (MDE);Véritable engagement;Pas de projet particulier;;;;;;0;0;1;2;4;Il n'y a personne dans la pièce;5.25;4.75;4.00;13/03/2021 12:41;13/03/2021 12:44;f5d944217e
ridqwx3jc81ea6ufridqwmgwxvya319l;7;6;7;5;4;3;1;1;6;9;7;6;Femme;1A;;2ER;Je ne sais pas;;;Oui, je suis dans un bureau d'association;;;Externe à la MDE (par choix);Par défaut;;;;;Culturel/artistique;;0;1;5;4;7;non;6.25;7.00;2.25;12/03/2021 22:07;12/03/2021 22:12;c0f247db90
6duyc5ao26trvtv22m3oe6duyc54d6dx;9;6;3;7;6;3;8;3;5;6;7;3;Homme;2A;2IA;;;Non, je n'en ai pas demandé;Non;;;;Maison Des Elèves (MDE);Par défaut;Pas de projet particulier;;;;;;0;0;2;4;4;oui;6.25;5.25;5.00;12/03/2021 21:05;12/03/2021 21:08;58a83a5db7
ql62kmhndb7zrrsql62kmdgeh941rphr;7;8;6;7;3;1;8;5;7;6;8;7;Homme;3A;GC;;;Non, je n'en ai pas demandé;;Oui, je suis dans un bureau d'association;;;Maison Des Elèves (MDE);Véritable engagement;;;Solidaire;;;;1;1;6;3;6;oui;7.00;7.00;4.25;12/03/2021 15:27;12/03/2021 15:30;219b2ff953
pimx9na3sah4syqpimx9kutv7p0ew29v;2;4;2;2;6;3;6;4;2;4;2;3;Homme;1A;;2IA;Un DD;;;Oui, je suis dans un bureau d'association;;;Maison Des Elèves (MDE);Véritable engagement;;;Solidaire;;;;0;1;3;3;2;Il n'y a personne dans la pièce;2.50;2.75;4.75;12/03/2021 14:43;12/03/2021 14:54;1497ec72e6
4b6pbq0lvemqj43vohs24b6pbga9i43k;1;1;1;2;2;2;5;7;7;8;3;2;Femme;2A;2ER;;;DD;;Oui, je suis dans un bureau d'association;Oui, en dehors du bureau (com);Oui, j'occupe un poste de capitaine sportif;Maison Des Elèves (MDE);Véritable engagement;;;Solidaire;;;;0;1;2;5;3;Il n'y a personne dans la pièce;1.25;5.00;4.00;12/03/2021 13:44;12/03/2021 13:50;b60f6c2f61
raue4wew95jbraxpqo90raue4r0k3js7;7;9;8;4;4;3;6;6;6;7;2;2;Femme;2A;ECOMAP;;;Semestre;;Oui, je suis dans un bureau d'association;;;Maison Des Elèves (MDE);Par défaut;Pas de projet particulier;;;;;;0;1;7;7;7;oui;7.00;4.25;4.75;12/03/2021 13:26;12/03/2021 13:30;b60f6c2f61
acah1xq68nnxodbrwu3fwihacah1xq1l;3;1;1;6;3;2;6;4;6;6;2;6;Homme;2A;PRISM;;;DD;Non;;;;Externe à la MDE (par choix);Véritable engagement;;Enseignement;;Scientifique;;;0;0;2;2;2;Il n'y a personne dans la pièce;2.75;5.00;3.75;12/03/2021 11:52;12/03/2021 12:00;cd5697f59c
3l44yrp592173l4w1lvm2emqfdee84tw;7;6;3;6;5;5;7;9;5;5;7;5;Femme;2A;2ER;;;Non, je n'ai pas obtenu mon choix;;;Oui, en dehors du bureau (com);;Maison Des Elèves (MDE);Véritable engagement;;;;;Culturel/artistique;;0;1;5;4;4;Il n'y a personne dans la pièce;5.50;5.50;6.50;12/03/2021 10:16;12/03/2021 10:20;b60f6c2f61
f6ui27uyvguov4oaf3f6bn470iu2pmq0;5;7;7;7;2;2;2;2;6;5;5;3;Homme;2A;PRISM;;;Non, je n'en ai pas demandé;Non;;;;Externe à la MDE (par choix);Par défaut;;;;;;Entrepreneurial;0;0;4;2;2;Il n'y a personne dans la pièce;6.50;4.75;2.00;12/03/2021 10:06;12/03/2021 10:10;91c6490f89
31ilyxk8knlm6lt431ila2dm4wwoi0sm;7;6;2;6;2;2;6;9;2;1;3;3;Homme;2A;PRISM;;;Semestre;;Oui, je suis dans un bureau d'association;;Oui, j'occupe un poste de capitaine sportif;Maison Des Elèves (MDE);Véritable engagement;Pas de projet particulier;;;;;;1;1;6;6;7;non;5.25;2.25;4.75;12/03/2021 10:04;12/03/2021 10:07;b60f6c2f61
agcexdg34aj3kivagcu44foewstrz9f4;3;1;5;1;6;2;5;6;3;3;3;3;Homme;2A;GC;;;DD;;;Oui, en dehors du bureau (com);;Maison Des Elèves (MDE);Véritable engagement;;;;;;Entrepreneurial;0;1;5;4;6;oui;2.50;3.00;4.75;12/03/2021 09:47;12/03/2021 09:51;b60f6c2f61
t23rknffgm06dphufrdt23rkac30tfn0;8;9;7;5;5;2;3;3;6;7;4;3;Homme;2A;ISERM;;;Non, je n'en ai pas demandé;;Oui, je suis dans un bureau d'association;;Oui, j'occupe un poste de capitaine sportif;Maison Des Elèves (MDE);Véritable engagement;Pas de projet particulier;;;;;;0;1;7;7;7;oui;7.25;5.00;3.25;12/03/2021 09:44;12/03/2021 09:48;b60f6c2f61
q4zbw1dxy89993vlk0g8q4zbwe3sl2fk;4;6;4;3;1;2;1;7;8;7;6;4;Femme;3A;2ER;;;Non, je n'ai pas obtenu mon choix;;Oui, je suis dans un bureau d'association;Oui, en dehors du bureau (com);;Maison Des Elèves (MDE);Véritable engagement;Pas de projet particulier;;;;;;0;1;6;6;5;non;4.25;6.25;2.75;12/03/2021 09:44;12/03/2021 09:46;fbf5f2a92b
ancouuyy50dy631b13ancouu7fwuqaje;6;3;7;1;8;1;3;6;5;6;4;6;Femme;2A;GC;;;Semestre;;Oui, je suis dans un bureau d'association;;;Maison Des Elèves (MDE);Véritable engagement;Pas de projet particulier;;;;;;1;1;6;7;7;oui;4.25;5.25;4.50;12/03/2021 09:42;12/03/2021 09:45;b60f6c2f61
4xulqacnq4lppjbibm84s4xulqtf82lo;3;3;2;2;4;2;4;2;6;7;5;3;Homme;1A;;Je ne sais pas encore;Un semestre;;Non;;;;Maison Des Elèves (MDE);Véritable engagement;Pas de projet particulier;;;;;;0;0;3;5;5;oui;2.50;5.25;3.00;12/03/2021 09:33;12/03/2021 09:36;7efcb920f3
crxyrn76huugq8s3gh8crxyrdqrfzmo7;4;6;8;3;2;2;1;7;3;4;3;2;Femme;1A;;Je ne sais pas encore;Je ne sais pas;;Non;;;;Maison Des Elèves (MDE);Véritable engagement;;;;;Culturel/artistique;;0;0;2;2;2;non;5.25;3.00;3.00;12/03/2021 09:28;12/03/2021 09:33;65a7150223
z6tlbrccc37wd4ksd27r0z6tlbro4srt;6;2;7;4;3;1;1;7;1;1;2;1;Homme;1A;;GC;Un semestre;;;Oui, je suis dans un bureau d'association;Oui, en dehors du bureau (com);;Maison Des Elèves (MDE);Véritable engagement;;Enseignement;;;;;0;1;3;6;6;oui;4.75;1.25;3.00;12/03/2021 09:22;12/03/2021 09:28;65a7150223
ywh2prxvm237dyla66eywh2prwg2rwdd;6;6;1;3;3;4;2;1;5;6;7;7;Homme;1A;;PRISM;Un DD;;;Oui, je suis dans un bureau d'association;;;Maison Des Elèves (MDE);Véritable engagement;Pas de projet particulier;;;;;;0;1;5;5;5;Il n'y a personne dans la pièce;4.00;6.25;2.50;12/03/2021 07:56;12/03/2021 08:00;65a7150223
bp02p0h1t96d8baqakbp02cew91lu3gj;8;7;7;7;6;3;2;6;5;5;5;5;Homme;2A;2IA;;;DD;;Oui, je suis dans un bureau d'association;;;Maison Des Elèves (MDE);Véritable engagement;;Enseignement;;Scientifique;;Entrepreneurial;1;1;6;6;7;non;7.25;5.00;4.25;12/03/2021 01:49;12/03/2021 01:52;7dfd57df01
w4azmfq9l8g0n7gw4azm89a73b8fg1t5;6;1;6;5;2;1;3;1;6;6;6;2;Homme;1A;;GC;Un semestre;;Non;;;;Maison Des Elèves (MDE);Par défaut;Pas de projet particulier;;;;;;0;0;3;3;3;oui;4.50;5.00;1.75;11/03/2021 21:38;11/03/2021 21:44;7efcb920f3
1hwx5rnf98bdurfmf061hwxl8zcot0et;4;3;7;6;8;5;2;1;6;9;9;9;Femme;2A;GC;;;Non, je n'en ai pas demandé;;Oui, je suis dans un bureau d'association;;;Maison Des Elèves (MDE);Véritable engagement;;;;;Culturel/artistique;;0;1;7;6;7;non;5.00;8.25;4.00;11/03/2021 21:39;11/03/2021 21:43;55274c3ee4
bhhmm6cquskuz9tqbhhmky8vcmfnjq85;2;2;6;2;6;1;2;8;3;4;3;2;Homme;2A;2IA;;;Semestre;;Oui, je suis dans un bureau d'association;Oui, en dehors du bureau (com);Oui, j'occupe un poste de capitaine sportif;Externe à la MDE (par contrainte);Véritable engagement;Pas de projet particulier;;;;;;0;1;7;3;5;oui;3.00;3.00;4.25;11/03/2021 20:36;11/03/2021 20:40;016c297695
s77zoneq2isgjqs77zonv1zaqyakrnvx;3;1;2;2;4;8;8;7;5;7;8;3;Femme;2A;ISERM;;;Non, je n'en ai pas demandé;;;Oui, en dehors du bureau (com);;Externe à la MDE (par contrainte);Véritable engagement;;;;;Culturel/artistique;;0;0;5;2;5;oui;2.00;5.75;6.75;11/03/2021 20:31;11/03/2021 20:36;47f9b624b6
vxul0s41x6rbij8tswvxul0s465f7sgw;7;1;7;7;5;4;9;6;5;5;6;6;Femme;2A;GC;;;Non, je n'ai pas obtenu mon choix;;Oui, je suis dans un bureau d'association;;Oui, j'occupe un poste de capitaine sportif;Maison Des Elèves (MDE);Véritable engagement;Pas de projet particulier;;;;;;0;1;6;5;5;oui;5.50;5.50;6.00;11/03/2021 20:28;11/03/2021 20:30;45e9942dda
m930i6ewphjoyfhapgnem930i6b20zow;5;6;5;4;3;3;2;7;6;7;5;5;Homme;1A;;2IA;Un DD;;Non;;;;Maison Des Elèves (MDE);Véritable engagement;;;;Scientifique;;;0;0;2;2;3;oui;5.00;5.75;3.75;11/03/2021 19:41;11/03/2021 19:46;87954f3f29
wu5ybyqdzzp0ih2qwu51evvuuhuqa8zi;1;1;1;2;7;3;5;6;2;5;2;1;Homme;3A;2IA;;;Non, je n'en ai pas demandé;Non;;;;Externe à la MDE (par choix);Par défaut;Pas de projet particulier;;;;;;0;0;1;1;1;Il n'y a personne dans la pièce;1.25;2.50;5.25;11/03/2021 19:15;11/03/2021 19:19;66f960b755
0fsloj4jpvmv9r5m0fslojh0t3pg46v4;8;1;5;7;7;1;8;8;1;1;5;5;Homme;1A;;2IA;Un DD;;;Oui, je suis dans un bureau d'association;;;Maison Des Elèves (MDE);Véritable engagement;;Enseignement;Solidaire;Scientifique;Culturel/artistique;Entrepreneurial;0;0;1;2;4;oui;5.25;3.00;6.00;11/03/2021 19:09;11/03/2021 19:13;45e9942dda
0yhxcyxgx5imaxle3y20y1o38s4nzkg8;7;6;7;1;1;1;2;8;6;4;5;4;Femme;3A;PRISM;;;Non, je n'en ai pas demandé;Non;;;;Maison Des Elèves (MDE);Véritable engagement;;Enseignement;;;Culturel/artistique;;0;0;2;2;2;Il n'y a personne dans la pièce;5.25;4.75;3.00;11/03/2021 18:48;11/03/2021 18:51;d967e4e3db
p0pxes28vnbv4rnp0przt8e26jc3hevd;6;3;1;3;8;2;9;8;5;5;1;1;Femme;2A;GC;;;Non, je n'en ai pas demandé;Non;;;;Maison Des Elèves (MDE);Par défaut;;;;;Culturel/artistique;;0;0;7;3;4;Il n'y a personne dans la pièce;3.25;3.00;6.75;11/03/2021 18:45;11/03/2021 18:50;7e36e9a2ef
wyn5z6o3lqqwjkic2wyn5ze6a07i83e4;6;6;4;6;7;4;5;6;6;7;4;6;Femme;2A;2ER;;;Non, je n'en ai pas demandé;;;;Oui, j'occupe un poste de capitaine sportif;Externe à la MDE (par choix);Véritable engagement;;;;;Culturel/artistique;;0;1;3;4;5;oui;5.50;5.75;5.50;11/03/2021 18:17;11/03/2021 18:21;107019f5c8
53rscfeoflix98a53rsc60bmgk9hoo2y;3;6;3;3;5;3;1;5;6;7;4;5;Homme;3A;GC;;;Semestre;;;;Oui, j'occupe un poste de capitaine sportif;Maison Des Elèves (MDE);Véritable engagement;Pas de projet particulier;;;;;;0;0;7;5;6;Il n'y a personne dans la pièce;3.75;5.50;3.50;11/03/2021 18:07;11/03/2021 18:11;272b91b84c
mzd2ekcg6xy0a1q1mzd2tmbve7abqqwd;6;4;2;1;1;1;1;1;4;7;5;6;Femme;1A;;2ER;Un DD;;Non;;;;Maison Des Elèves (MDE);Véritable engagement;;Enseignement;;;;;1;0;2;2;7;Il n'y a personne dans la pièce;3.25;5.50;1.00;11/03/2021 17:49;11/03/2021 17:56;1e876755f2
8b127sxi3tp99wv1xs08b12xsnpzlxki;3;6;6;3;2;2;2;3;7;7;3;3;Femme;3A;ISERM;;;Non, je n'en ai pas demandé;;;Oui, en dehors du bureau (com);;Maison Des Elèves (MDE);Véritable engagement;;;Solidaire;;;;0;1;7;7;7;Il n'y a personne dans la pièce;4.50;5.00;2.25;11/03/2021 17:33;11/03/2021 17:39;71e8815024
tsfcsvxq5bs7syozk1ax8ytsfdvzmdos;2;5;7;3;1;2;6;3;6;7;5;4;Homme;3A;ECOMAP;;;Semestre;;Oui, je suis dans un bureau d'association;Oui, en dehors du bureau (com);;Externe à la MDE (par choix);Véritable engagement;;Enseignement;;;Culturel/artistique;;0;0;6;6;5;Il n'y a personne dans la pièce;4.25;5.50;3.00;11/03/2021 17:18;11/03/2021 17:22;898b848678
29i8ofsilhgzz12zc29i8ojl6qzotfz1;8;4;8;5;5;2;2;4;7;5;6;5;Femme;3A;2ER;;;Non, je n'ai pas obtenu mon choix;;Oui, je suis dans un bureau d'association;Oui, en dehors du bureau (com);;Maison Des Elèves (MDE);Véritable engagement;Pas de projet particulier;;;;;;0;1;4;6;5;Il n'y a personne dans la pièce;6.25;5.75;3.25;11/03/2021 17:08;11/03/2021 17:12;418803e4c2
nu1igvldlmhrhhxmv0nu1igdoe8q5hiu;4;4;6;4;3;3;5;6;5;6;6;6;Homme;1A;;Je ne sais pas encore;Je ne sais pas;;Non;;Oui, en dehors du bureau (com);;Maison Des Elèves (MDE);Véritable engagement;;Enseignement;Solidaire;;;;0;0;3;5;5;Il n'y a personne dans la pièce;4.50;5.75;4.25;11/03/2021 16:56;11/03/2021 17:01;1b9c2f499e
dnklk58yh3m9tvddnklkz9hscprbjctl;6;6;6;4;3;1;3;3;6;7;8;2;Femme;3A;GC;;;DD;;Oui, je suis dans un bureau d'association;Oui, en dehors du bureau (com);;Externe à la MDE (par choix);Par défaut;;;;;Culturel/artistique;;0;1;6;7;6;Il n'y a personne dans la pièce;5.50;5.75;2.50;11/03/2021 16:03;11/03/2021 16:38;46f96d5ef2
69x1yt94d6tbq1163xm69x1yt9i711zg;6;1;4;4;1;1;6;6;6;6;5;4;Femme;3A;2ER;;;Non, je n'ai pas obtenu mon choix;;;Oui, en dehors du bureau (com);;Maison Des Elèves (MDE);Véritable engagement;;;Solidaire;;Culturel/artistique;Entrepreneurial;0;0;5;5;6;Il n'y a personne dans la pièce;3.75;5.25;3.50;11/03/2021 16:16;11/03/2021 16:20;43628ddb05
j3ruomryc3c68z9xr3aj3ruyz8b2uv6l;7;7;8;5;3;3;3;7;7;2;7;4;Homme;2A;GC;;;Non, je n'en ai pas demandé;;Oui, je suis dans un bureau d'association;;;Externe à la MDE (par choix);Véritable engagement;Pas de projet particulier;;;;;;0;0;7;3;3;Il n'y a personne dans la pièce;6.75;5.00;4.00;11/03/2021 16:11;11/03/2021 16:14;084e1c0d97
gmifmjb6oiqbq7si0gg0mgmifvl68o6d;4;6;7;7;8;4;6;7;8;7;8;5;Homme;1A;;2IA;Un semestre;;Non;;;;Externe à la MDE (par choix);Par défaut;Pas de projet particulier;;;;;;0;0;5;4;5;oui;6.00;7.00;6.25;11/03/2021 16:00;11/03/2021 16:04;fb934d1c41
4edqpakxsmnzrf5216xl4edqpsd3i2yu;2;4;5;3;1;1;1;4;7;5;2;7;Homme;2A;2ER;;;Non, je n'en ai pas demandé;Non;;;;Externe à la MDE (par choix);Véritable engagement;;;;;Culturel/artistique;;0;1;2;5;4;oui;3.50;5.25;1.75;11/03/2021 15:51;11/03/2021 15:54;4289771d7e
3upe8rgp2v7i08vd5l1r3upe8llp910h;4;3;4;3;3;6;3;8;5;6;5;3;Homme;3A;2IA;;;Non, je n'ai pas obtenu mon choix;;Oui, je suis dans un bureau d'association;;;Maison Des Elèves (MDE);Véritable engagement;Pas de projet particulier;;;;;;0;0;4;2;3;non;3.50;4.75;5.00;11/03/2021 15:46;11/03/2021 15:49;dd96ccb713
balz5ke7rg2wq5olghibalz5kxcu7iop;2;4;7;2;1;3;1;3;1;1;6;6;Femme;2A;2ER;;;Semestre;Non;;;;Maison Des Elèves (MDE);Par défaut;Pas de projet particulier;;;;;;0;1;7;6;5;Il n'y a personne dans la pièce;3.75;3.50;2.00;11/03/2021 15:40;11/03/2021 15:43;f6be7a8e51
avmdmdi1nue5ocsdzpmbubavmdmdkk2a;6;6;6;1;8;1;2;1;3;6;1;5;Homme;1A;;Je ne sais pas encore;Je ne sais pas;;Non;;;;Externe à la MDE (par contrainte);Véritable engagement;;;Solidaire;;;;0;0;1;1;4;Il n'y a personne dans la pièce;4.75;3.75;3.00;11/03/2021 15:35;11/03/2021 15:42;7b4a595a69
r0qe8s84j0d323pdfhufr0qe88equotq;1;2;6;5;2;1;1;4;7;6;6;5;Femme;2A;ECOMAP;;;Semestre;;Oui, je suis dans un bureau d'association;;;Maison Des Elèves (MDE);Véritable engagement;;;;;Culturel/artistique;;0;1;6;6;6;Il n'y a personne dans la pièce;3.50;6.00;2.00;11/03/2021 15:19;11/03/2021 15:23;cdca9824ca
8uhz13r0pvvr3f8uhc134uhb45nuy4ft;6;6;7;8;6;2;7;8;4;3;8;3;Homme;3A;GC;;;Semestre;;Oui, je suis dans un bureau d'association;Oui, en dehors du bureau (com);Oui, j'occupe un poste de capitaine sportif;Maison Des Elèves (MDE);Véritable engagement;;;;;Culturel/artistique;;0;1;7;6;6;Il n'y a personne dans la pièce;6.75;4.50;5.75;11/03/2021 15:13;11/03/2021 15:16;9422c412cc
1pcbcyk34lpsgw49wgcfvmm1pcbcykey;8;7;6;2;2;2;1;1;3;5;6;6;Femme;2A;2ER;;;Semestre;;;Oui, en dehors du bureau (com);Oui, j'occupe un poste de capitaine sportif;Maison Des Elèves (MDE);Véritable engagement;Pas de projet particulier;;;;;;0;0;7;6;5;Il n'y a personne dans la pièce;5.75;5.00;1.50;11/03/2021 15:01;11/03/2021 15:06;b32a277b35
qtdwnbtr8qe2mwlcp2fqtdwnymuvcm8k;7;8;7;8;6;7;8;7;9;7;9;9;Homme;1A;;ISERM;Un DD;;;;Oui, en dehors du bureau (com);;Maison Des Elèves (MDE);Par défaut;Pas de projet particulier;;;;;;0;1;7;6;7;Il n'y a personne dans la pièce;7.50;8.50;7.00;11/03/2021 14:50;11/03/2021 14:56;d1c83f5634
ip2s86n6v2gghepm8ip2s862gw6kjxt0;5;1;1;5;3;3;1;4;6;2;1;5;Femme;2A;GC;;;Non, je n'en ai pas demandé;;;;Oui, j'occupe un poste de capitaine sportif;Externe à la MDE (par contrainte);Véritable engagement;Pas de projet particulier;;;;;;0;1;7;5;6;oui;3.00;3.50;2.75;11/03/2021 14:46;11/03/2021 14:51;37badc9358
n7zyo9rwcdr5gb11sen7zyxb8r8dm1bg;3;2;6;2;5;3;3;2;4;6;4;5;Homme;1A;;ECOMAP;Un semestre;;;Oui, je suis dans un bureau d'association;Oui, en dehors du bureau (com);;Maison Des Elèves (MDE);Par défaut;;Enseignement;;;;;0;0;3;5;4;oui;3.25;4.75;3.25;11/03/2021 14:36;11/03/2021 14:41;1274bb063c
2ayr3b3gw1tvmgwx2ayqhysfdpj4l77a;2;1;5;1;1;2;2;2;6;6;6;3;Femme;1A;;PRISM;Un DD;;Non;;;;Maison Des Elèves (MDE);Véritable engagement;Pas de projet particulier;;;;;;0;1;6;7;6;Il n'y a personne dans la pièce;2.25;5.25;1.75;11/03/2021 14:26;11/03/2021 14:31;89012e981f
pvhb3quh5r1xsvg8sua4pvhbya3iyutq;6;5;4;3;2;2;3;7;6;7;5;4;Homme;3A;2IA;;;Semestre;Non;;;;Externe à la MDE (par contrainte);Véritable engagement;Pas de projet particulier;;;;;;1;1;3;4;5;oui;4.50;5.50;3.50;11/03/2021 14:22;11/03/2021 14:28;5ae88810cd
qs86uvp0x4tzqs8u3p754v0ue6be13cy;7;8;9;6;2;3;6;3;4;5;4;4;Femme;2A;ECOMAP;;;Semestre;;Oui, je suis dans un bureau d'association;;;Maison Des Elèves (MDE);Véritable engagement;;;;;Culturel/artistique;;1;1;7;7;7;non;7.50;4.25;3.50;11/03/2021 14:17;11/03/2021 14:21;b60f6c2f61
ur8gkz2yzpgx82zhgsur8gk6rf8p2d9m;2;5;7;7;1;1;2;2;8;7;9;5;Femme;2A;PRISM;;;Non, je n'en ai pas demandé;Non;;;;Externe à la MDE (par choix);Véritable engagement;Pas de projet particulier;;;;;;0;0;1;1;2;Il n'y a personne dans la pièce;5.25;7.25;1.50;11/03/2021 14:12;11/03/2021 14:15;402efeb8b9
72596xw20mpvb0b1d7l6d725965hiodj;7;4;4;7;7;8;4;7;4;4;4;4;Femme;2A;ISERM;;;Non, je n'en ai pas demandé;;Oui, je suis dans un bureau d'association;;;Externe à la MDE (par choix);Véritable engagement;;Enseignement;;;;;0;0;6;2;4;Il n'y a personne dans la pièce;5.50;4.00;6.50;11/03/2021 13:58;11/03/2021 14:02;7980fc7fed
bwh1denct8atoi89bwh1dshcpybn1yqu;6;7;6;4;5;9;2;7;3;2;6;3;Homme;3A;2ER;;;Non, je n'en ai pas demandé;;Oui, je suis dans un bureau d'association;;;Externe à la MDE (par choix);Par défaut;Pas de projet particulier;;;;;;0;1;7;6;6;non;5.75;3.50;5.75;11/03/2021 13:54;11/03/2021 13:58;383365034c
81y5i7mcv8vks4odbh2p81y5i7li3r40;6;4;1;1;6;3;6;1;1;3;1;1;Femme;1A;;Je ne sais pas encore;Un semestre;;;Oui, je suis dans un bureau d'association;;;Maison Des Elèves (MDE);Par défaut;;;;;Culturel/artistique;;0;1;5;5;5;Il n'y a personne dans la pièce;3.00;1.50;4.00;11/03/2021 13:31;11/03/2021 13:35;fc328b1cc8
2e6fxvkyz2q08bryrfy2e6fxvkygbf16;6;7;3;6;8;8;3;8;3;3;2;2;Homme;2A;2ER;;;Non, je n'en ai pas demandé;Non;;;;Externe à la MDE (par choix);Par défaut;;;;;;Entrepreneurial;0;0;5;2;5;Il n'y a personne dans la pièce;5.50;2.50;6.75;11/03/2021 13:28;11/03/2021 13:31;d8ed8093ed
c5q0wjw8pphjfm7c5q0wt0vczzw413wz;3;5;6;4;3;2;3;6;8;7;8;6;Homme;2A;PRISM;;;Semestre;;Oui, je suis dans un bureau d'association;;;Externe à la MDE (par choix);Véritable engagement;Pas de projet particulier;;;;;;0;0;5;2;4;Il n'y a personne dans la pièce;4.50;7.25;3.50;11/03/2021 13:18;11/03/2021 13:23;2924857add
svp5khhmndfbrn7svp5iyrcwxfgpijnq;2;2;3;1;1;2;1;5;7;8;8;2;Femme;2A;ECOMAP;;;Semestre;;Oui, je suis dans un bureau d'association;Oui, en dehors du bureau (com);Oui, j'occupe un poste de capitaine sportif;Maison Des Elèves (MDE);Véritable engagement;Pas de projet particulier;;;;;;0;1;6;7;4;oui;2.00;6.25;2.25;11/03/2021 13:04;11/03/2021 13:19;25db94df76
koh4jekklpxjs8ofrl90koh4tm2cud3q;3;2;2;4;2;3;3;4;6;6;2;2;Homme;2A;2IA;;;DD;;Oui, je suis dans un bureau d'association;Oui, en dehors du bureau (com);;Maison Des Elèves (MDE);Véritable engagement;Pas de projet particulier;;;;;;0;1;4;7;4;oui;2.75;4.00;3.00;11/03/2021 13:11;11/03/2021 13:19;b32a277b35
jn1oa6fe855niybbjn1oa6fhj09ik5fn;3;1;5;7;3;3;1;5;7;7;6;6;Femme;1A;;ISERM;Je ne sais pas;;;;Oui, en dehors du bureau (com);;Maison Des Elèves (MDE);Véritable engagement;Pas de projet particulier;;;;;;0;1;4;5;1;Il n'y a personne dans la pièce;4.00;6.50;3.00;11/03/2021 13:09;11/03/2021 13:18;89012e981f
9r7srnxpgh5f66iv9tcme9r7srl6jat9;4;5;3;2;3;2;5;7;8;6;6;2;Femme;3A;ECOMAP;;;Semestre;Non;Oui, je suis dans un bureau d'association;Oui, en dehors du bureau (com);;Externe à la MDE (par choix);Véritable engagement;;Enseignement;;;;;0;1;2;2;2;Il n'y a personne dans la pièce;3.50;5.50;4.25;11/03/2021 13:03;11/03/2021 13:07;6963f18c94
a1cpwzft2l77sad91d4a1cpwtsbt0fpc;8;8;8;8;8;2;3;3;9;9;9;7;Homme;3A;2IA;;;Non, je n'en ai pas demandé;Non;;;;Maison Des Elèves (MDE);Véritable engagement;;Enseignement;;Scientifique;;;0;1;3;5;5;Il n'y a personne dans la pièce;8.00;8.50;4.00;11/03/2021 12:56;11/03/2021 12:58;55fe0e9571
mohzhy5y5159hgy5mohzhnxrjngj2tn2;4;5;8;6;4;2;7;5;7;8;8;3;Homme;2A;GC;;;Non, je n'en ai pas demandé;Non;;;;Maison Des Elèves (MDE);Par défaut;;;;Scientifique;;Entrepreneurial;0;0;7;3;7;Il n'y a personne dans la pièce;5.75;6.50;4.50;11/03/2021 12:50;11/03/2021 12:53;881c93aed9
buzzt9ga0tcd6gb35buzzt9ge1u3iak9;3;1;6;2;1;1;1;1;7;7;5;4;Femme;3A;ECOMAP;;;Non, je n'en ai pas demandé;;;Oui, en dehors du bureau (com);;Externe à la MDE (par choix);Véritable engagement;Pas de projet particulier;;;;;;0;1;6;4;5;Il n'y a personne dans la pièce;3.00;5.75;1.00;11/03/2021 12:47;11/03/2021 12:51;3adceb4b3c
abkebbyyl64cmde1mc8abkebbyuljl0u;3;1;3;3;1;1;1;1;6;8;7;2;Homme;1A;;2ER;Je ne sais pas;;;;Oui, en dehors du bureau (com);;Maison Des Elèves (MDE);Véritable engagement;;;;;Culturel/artistique;;0;1;3;5;4;Il n'y a personne dans la pièce;2.50;5.75;1.00;11/03/2021 12:37;11/03/2021 12:42;a1784ac34b
hp778x20yfh281dhp7784fsf5vt1zxpu;6;4;6;6;8;5;7;4;2;3;6;2;Homme;1A;;GC;Un DD;;;;Oui, en dehors du bureau (com);;Maison Des Elèves (MDE);Par défaut;;Enseignement;;;;Entrepreneurial;0;1;3;2;4;Il n'y a personne dans la pièce;5.50;3.25;6.00;11/03/2021 12:31;11/03/2021 12:34;8d7ab7364a
byhcy48vcx50caz0lo60fbyhcyi7kqe9;4;3;7;4;6;2;2;6;6;4;5;4;Femme;3A;2ER;;;Non, je n'ai pas obtenu mon choix;;Oui, je suis dans un bureau d'association;;;Maison Des Elèves (MDE);Véritable engagement;Pas de projet particulier;;;;;;0;1;6;5;4;oui;4.50;4.75;4.00;11/03/2021 12:21;11/03/2021 12:23;4d4317f1a0
v0iws0ymmlz9ggi0rvfogp2v0iws0yc0;1;3;6;1;5;1;6;4;7;6;1;1;Homme;1A;;2IA;Un semestre;;;;Oui, en dehors du bureau (com);;Maison Des Elèves (MDE);Véritable engagement;Pas de projet particulier;;;;;;0;1;7;3;6;Il n'y a personne dans la pièce;2.75;3.75;4.00;11/03/2021 11:58;11/03/2021 12:03;1497ec72e6
zq5he4i0k00g9bvqph9b7qezq5he48pl;1;1;3;1;7;4;9;9;1;1;1;5;Homme;2A;2ER;;;Semestre;;Oui, je suis dans un bureau d'association;;;Maison Des Elèves (MDE);Véritable engagement;Pas de projet particulier;;;;;;0;0;2;4;1;oui;1.50;2.00;7.25;11/03/2021 11:54;11/03/2021 12:00;174d8993e4
c1g8uabvlnospeoqc1g8uc67fhjbc2vn;3;2;3;5;7;5;8;6;8;8;8;3;Homme;2A;2IA;;;Non, je n'en ai pas demandé;Non;;;;Maison Des Elèves (MDE);Par défaut;Pas de projet particulier;;;;;;0;0;5;2;4;Il n'y a personne dans la pièce;3.25;6.75;6.50;11/03/2021 11:56;11/03/2021 12:00;0403d29a9e
fz9jyo8vg37yfz9jyyecugsojtz23yad;6;7;6;7;3;1;1;2;8;6;7;8;Homme;1A;;2ER;Un DD;;;Oui, je suis dans un bureau d'association;;;Maison Des Elèves (MDE);Par défaut;;;;;Culturel/artistique;;0;0;7;4;5;Il n'y a personne dans la pièce;6.50;7.25;1.75;11/03/2021 11:52;11/03/2021 11:56;89012e981f
47tnhoiags1x1m7c47tnz76pxw3ft4xe;6;3;5;6;2;2;3;1;8;8;7;5;Homme;3A;PRISM;;;Non, je n'ai pas obtenu mon choix;;;Oui, en dehors du bureau (com);;Maison Des Elèves (MDE);Véritable engagement;Pas de projet particulier;;;;;;0;1;4;4;5;Il n'y a personne dans la pièce;5.00;7.00;2.00;11/03/2021 11:50;11/03/2021 11:55;2abdf7e3dd
pv6cw55sqbmjluym7pv6cw5qn1h3bz7e;3;5;3;5;7;5;7;2;3;5;5;4;Homme;1A;;ISERM;Un DD;;Non;;Oui, en dehors du bureau (com);;Maison Des Elèves (MDE);Véritable engagement;Pas de projet particulier;;;;;;0;0;2;4;3;Il n'y a personne dans la pièce;4.00;4.25;5.25;11/03/2021 11:47;11/03/2021 11:52;89012e981f
plc922j5ywte3b8aem5plc9221qzo81c;2;3;1;2;8;1;3;1;7;7;7;3;Homme;2A;2ER;;;Semestre;;;Oui, en dehors du bureau (com);;Maison Des Elèves (MDE);Véritable engagement;;Enseignement;;;Culturel/artistique;;1;0;3;6;5;Il n'y a personne dans la pièce;2.00;6.00;3.25;11/03/2021 11:42;11/03/2021 11:50;e9722484ce
nxde88novtk98m2lpi5nxde88qsvl0oo;2;3;4;2;1;2;1;3;6;3;4;4;Femme;1A;;2IA;Je ne sais pas;;;;Oui, en dehors du bureau (com);;Maison Des Elèves (MDE);Véritable engagement;Pas de projet particulier;;;;;;0;1;4;5;3;Il n'y a personne dans la pièce;2.75;4.25;1.75;11/03/2021 11:40;11/03/2021 11:43;7efcb920f3
y6egfpf9b4wnyo1a1jy6egfpfh4w57om;6;3;7;6;4;5;7;5;2;6;2;1;Femme;3A;ECOMAP;;;Semestre;;;Oui, en dehors du bureau (com);Oui, j'occupe un poste de capitaine sportif;Externe à la MDE (par choix);Véritable engagement;Pas de projet particulier;;;;;;1;1;6;5;7;oui;5.50;2.75;5.25;11/03/2021 11:36;11/03/2021 11:41;679ff50447
nf4f398pz2fknf4fagnhyqg3gx26902l;7;6;8;5;6;4;3;5;6;6;4;2;Homme;3A;PRISM;;;Non, je n'en ai pas demandé;;Oui, je suis dans un bureau d'association;;;Maison Des Elèves (MDE);Véritable engagement;Pas de projet particulier;;;;;;0;1;5;2;5;Il n'y a personne dans la pièce;6.50;4.50;4.50;11/03/2021 11:30;11/03/2021 11:34;467911f9a2
78cezl9bo87yojh978c69a9a1gvkkpbp;3;4;2;2;2;1;1;2;3;5;4;2;Femme;3A;2ER;;;Semestre;;Oui, je suis dans un bureau d'association;Oui, en dehors du bureau (com);;Externe à la MDE (par choix);Véritable engagement;;;Solidaire;;;;0;1;5;5;5;Il n'y a personne dans la pièce;2.75;3.50;1.50;11/03/2021 11:21;11/03/2021 11:25;c2ba083036
2sdtx6p16gezqk7lrg2sepny722qbpnh;7;7;8;8;9;3;7;8;2;2;2;3;Femme;1A;;Je ne sais pas encore;Je ne sais pas;;;;Oui, en dehors du bureau (com);;Maison Des Elèves (MDE);Véritable engagement;;;;;Culturel/artistique;;0;1;2;5;3;Il n'y a personne dans la pièce;7.50;2.25;6.75;11/03/2021 11:22;11/03/2021 11:25;ccf11c7d38
6bscp5d2hmrrn0433acbf6bscp584ggm;2;2;3;2;1;2;1;3;3;2;3;3;Femme;3A;2IA;;;Non, je n'en ai pas demandé;Non;;;;Maison Des Elèves (MDE);Véritable engagement;Pas de projet particulier;;;;;;0;1;2;2;2;Il n'y a personne dans la pièce;2.25;2.75;1.75;11/03/2021 11:18;11/03/2021 11:22;c6a788d687
fv3n4o3elmnt5hpda9suofv3n4o36qn5;5;7;6;7;7;4;7;9;7;7;5;2;Homme;1A;;Je ne sais pas encore;Je ne sais pas;;Non;;;;Maison Des Elèves (MDE);Véritable engagement;Pas de projet particulier;;;;;;0;1;4;6;3;oui;6.25;5.25;6.75;11/03/2021 11:16;11/03/2021 11:20;a1784ac34b
76zqsi4nugjpdl5a76zqsissf2y3e49x;5;3;6;1;1;1;2;3;8;8;7;6;Homme;3A;GC;;;Non, je n'en ai pas demandé;Non;;;;Maison Des Elèves (MDE);Véritable engagement;Pas de projet particulier;;;;;;0;0;7;2;4;Il n'y a personne dans la pièce;3.75;7.25;1.75;11/03/2021 11:08;11/03/2021 11:15;243513fbfa
st5otkll594f9r5pudfst5ot1upbjv6b;7;1;5;5;6;4;1;3;6;6;3;1;Femme;2A;GC;;;Non, je n'en ai pas demandé;Non;;;;Maison Des Elèves (MDE);Véritable engagement;;;;;Culturel/artistique;;1;1;4;3;5;Il n'y a personne dans la pièce;4.50;4.00;3.50;11/03/2021 11:10;11/03/2021 11:14;bcd4df4499
8dpm47tpnfhd6rxlxyg8dpm47tjbcbyp;2;1;4;2;2;2;1;4;3;4;2;1;Homme;2A;PRISM;;;Non, je n'en ai pas demandé;;Oui, je suis dans un bureau d'association;;;Maison Des Elèves (MDE);Véritable engagement;;;;Scientifique;;;0;0;1;2;4;oui;2.25;2.50;2.25;11/03/2021 11:10;11/03/2021 11:13;be5eefd455
zudapyl32s9cv1ms2uv79zudapy9ahur;6;6;7;2;7;2;7;7;6;3;7;4;Homme;1A;;GC;Un semestre;;;Oui, je suis dans un bureau d'association;Oui, en dehors du bureau (com);;Maison Des Elèves (MDE);Véritable engagement;;Enseignement;Solidaire;;;;0;1;4;7;7;non;5.25;5.00;5.75;11/03/2021 11:06;11/03/2021 11:11;8ba07e280c
wofm609gzsl9sz1tiioh4mwofm609gdq;3;3;3;4;9;9;5;4;7;5;6;3;Homme;1A;;ISERM;Rien;;Non;;;;Maison Des Elèves (MDE);Véritable engagement;;;;;Culturel/artistique;;0;1;3;3;4;Il n'y a personne dans la pièce;3.25;5.25;6.75;11/03/2021 11:07;11/03/2021 11:11;e9722484ce
4wdl3q5ln0dq4wdyb6yhzaiu1t6pxxzy;6;3;3;2;4;6;3;5;4;5;5;3;Homme;2A;GC;;;Non, je n'ai pas obtenu mon choix;;;;Oui, j'occupe un poste de capitaine sportif;Maison Des Elèves (MDE);Véritable engagement;Pas de projet particulier;;;;;;0;1;7;7;3;oui;3.50;4.25;4.50;11/03/2021 11:07;11/03/2021 11:11;174d8993e4
kkjlbwgck0a6layddw12nhoikkjlbwux;5;3;1;4;3;6;1;6;7;7;6;7;Homme;2A;2ER;;;Non, je n'en ai pas demandé;Non;;;;Maison Des Elèves (MDE);Par défaut;Pas de projet particulier;;;;;;0;1;7;5;3;Il n'y a personne dans la pièce;3.25;6.75;4.00;11/03/2021 11:07;11/03/2021 11:10;b60f6c2f61
golt4187yga2lvpl7cpgolt4186n2rnx;9;5;7;9;2;2;2;2;2;3;6;4;Homme;1A;;PRISM;Je ne sais pas;;Non;;;;Maison Des Elèves (MDE);Véritable engagement;Pas de projet particulier;;;;;;0;0;1;2;3;Il n'y a personne dans la pièce;7.50;3.75;2.00;11/03/2021 11:03;11/03/2021 11:10;cdca9824ca
f52jopda4k8gzhq1eacf52jopd5vzwor;7;7;8;4;9;3;3;6;8;8;8;7;Homme;3A;2IA;;;Non, je n'en ai pas demandé;Non;;;;Externe à la MDE (par choix);Véritable engagement;;;Solidaire;Scientifique;Culturel/artistique;;0;0;1;1;3;oui;6.50;7.75;5.25;11/03/2021 11:07;11/03/2021 11:09;192247abd1
tbdr2k18pzc78tc0n3kwn25u4yg1m05w;6;3;4;5;6;6;7;4;3;5;4;4;Femme;1A;;PRISM;Un semestre;;Non;;;;Maison Des Elèves (MDE);Véritable engagement;;Enseignement;;;;;0;1;7;3;5;non;4.50;4.00;5.75;11/03/2021 11:01;11/03/2021 11:07;a693d56c14
nrfv2ic4jvjpinnpqt7dnrfv2izlyme0;7;8;5;5;4;2;4;3;6;7;7;2;Homme;2A;ISERM;;;Semestre;;Oui, je suis dans un bureau d'association;;;Maison Des Elèves (MDE);Véritable engagement;Pas de projet particulier;;;;;;1;1;7;4;3;non;6.25;5.50;3.25;11/03/2021 10:59;11/03/2021 11:03;7efcb920f3
l6wzegzjt1jnl57z14l6wz443kzp40hb;4;6;5;2;3;8;7;2;6;6;1;5;Homme;3A;PRISM;;;Semestre;;Oui, je suis dans un bureau d'association;;;Maison Des Elèves (MDE);Par défaut;;;;;Culturel/artistique;;0;0;5;6;3;Il n'y a personne dans la pièce;4.25;4.50;5.00;11/03/2021 10:57;11/03/2021 11:03;b9a7b74548
5ydjv4l1jskp3b3bg85ydjvoh1a20bqo;5;2;4;1;1;3;1;3;6;6;4;3;Femme;2A;PRISM;;;Semestre;;Oui, je suis dans un bureau d'association;Oui, en dehors du bureau (com);;Maison Des Elèves (MDE);Véritable engagement;Pas de projet particulier;;;;;;0;1;6;7;5;oui;3.00;4.75;2.00;11/03/2021 10:59;11/03/2021 11:02;b60f6c2f61
eo82q4ynq63m3iukeo89dvhb3802q41x;6;7;5;4;6;3;7;4;3;3;3;3;Homme;3A;PRISM;;;Non, je n'en ai pas demandé;;Oui, je suis dans un bureau d'association;;;Maison Des Elèves (MDE);Véritable engagement;Pas de projet particulier;;;;;;0;1;6;6;5;oui;5.50;3.00;5.00;11/03/2021 10:57;11/03/2021 11:01;abf45e7c3b
cpboz05cmbbe2quf25xkcpboz48lbj40;5;6;2;3;1;1;1;2;6;8;6;2;Homme;1A;;GC;Un DD;;;;Oui, en dehors du bureau (com);;Maison Des Elèves (MDE);Véritable engagement;;;;;Culturel/artistique;;0;1;3;5;5;Il n'y a personne dans la pièce;4.00;5.50;1.25;11/03/2021 10:56;11/03/2021 10:59;cd02b72f4e
zr1xv73l3mc1kgd2zr1x5lssl9fpfrov;4;2;2;3;3;1;4;7;7;5;8;2;Femme;1A;;ECOMAP;Je ne sais pas;;Non;;;;Externe à la MDE (par choix);Véritable engagement;Pas de projet particulier;;;;;;0;0;1;3;1;non;2.75;5.50;3.75;11/03/2021 10:51;11/03/2021 10:56;9dba2e4b44
zor3k5xaui7ip6gxvypjozor3k5x5ypm;3;2;3;2;6;3;6;7;6;6;2;2;Femme;3A;2ER;;;Semestre;;;Oui, en dehors du bureau (com);;Maison Des Elèves (MDE);Véritable engagement;;Enseignement;Solidaire;;;;0;1;3;4;3;Il n'y a personne dans la pièce;2.50;4.00;5.50;11/03/2021 10:48;11/03/2021 10:51;0bee2cd223
frdm10468oyek0iikfrdm10d1fgk429n;4;3;6;7;1;1;1;8;6;8;8;6;Homme;1A;;Je ne sais pas encore;Un semestre;;Non;;;;Maison Des Elèves (MDE);Par défaut;;;;;;Entrepreneurial;0;0;3;2;4;Il n'y a personne dans la pièce;5.00;7.00;2.75;11/03/2021 10:48;11/03/2021 10:50;e9722484ce
f7ja82mqnp5bh1e6yjif7ja82hzuop7r;6;8;7;6;6;2;4;6;7;7;7;5;Homme;2A;ISERM;;;Non, je n'en ai pas demandé;;;Oui, en dehors du bureau (com);;Maison Des Elèves (MDE);Véritable engagement;Pas de projet particulier;;;;;;0;1;7;7;6;Il n'y a personne dans la pièce;6.75;6.50;4.50;11/03/2021 10:42;11/03/2021 10:47;a1784ac34b
mjtevted7ogb8uro52mjtevt6lnpbse1;5;4;6;4;4;3;7;8;7;7;6;3;Homme;2A;GC;;;Semestre;Non;;;;Externe à la MDE (par choix);Véritable engagement;;;;;Culturel/artistique;;0;0;7;5;3;non;4.75;5.75;5.50;11/03/2021 10:40;11/03/2021 10:45;a4f9b17bf9
n7d8efokelf5uqrwgzmn7d8efoknmx3g;6;9;9;1;1;5;3;7;8;6;4;3;Homme;1A;;Je ne sais pas encore;Un semestre;;;;Oui, en dehors du bureau (com);;Maison Des Elèves (MDE);Par défaut;Pas de projet particulier;;;;;;0;1;3;6;5;Il n'y a personne dans la pièce;6.25;5.25;4.00;11/03/2021 10:18;11/03/2021 10:43;e9722484ce
87qhxu2pgs7we9y087q3fwfopm2dm100;6;9;4;7;4;6;6;9;7;9;9;7;Homme;1A;;2IA;Je ne sais pas;;Non;;;;Maison Des Elèves (MDE);Par défaut;;;;;Culturel/artistique;;0;1;6;7;5;oui;6.50;8.00;6.25;11/03/2021 10:05;11/03/2021 10:40;a693d56c14
ek30ddvue02isyppx19qstmjek30ddlc;6;2;1;5;7;1;5;8;6;3;7;1;Homme;3A;PRISM;;;Non, je n'ai pas obtenu mon choix;;Oui, je suis dans un bureau d'association;;;Externe à la MDE (par choix);Véritable engagement;Pas de projet particulier;;;;;;0;1;3;4;2;oui;3.50;4.25;5.25;11/03/2021 10:35;11/03/2021 10:40;08828f7005
87isbdceichts4xdeo2kw87is7m6w7gu;5;6;6;2;3;2;5;3;7;6;7;2;Homme;1A;;2ER;Un DD;;;;Oui, en dehors du bureau (com);;Maison Des Elèves (MDE);Véritable engagement;;;;Scientifique;;Entrepreneurial;0;1;6;4;4;non;4.75;5.50;3.25;11/03/2021 10:31;11/03/2021 10:39;cc62545e21
rkusu1x1onwjlxcyhzrkusu1xhj27gr4;3;1;1;2;5;3;7;3;2;1;1;2;Homme;1A;;2ER;Un DD;;;Oui, je suis dans un bureau d'association;Oui, en dehors du bureau (com);;Maison Des Elèves (MDE);Véritable engagement;;Enseignement;;;;;0;1;4;5;2;Il n'y a personne dans la pièce;1.75;1.50;4.50;11/03/2021 10:35;11/03/2021 10:39;25db94df76
w67ywadxjadbhoubaom2c0w67ywa26bb;3;1;5;3;5;4;6;6;7;6;5;2;Homme;2A;PRISM;;;Non, je n'en ai pas demandé;;;Oui, en dehors du bureau (com);;Externe à la MDE (par contrainte);Par défaut;Pas de projet particulier;;;;;;1;1;7;5;4;Il n'y a personne dans la pièce;3.00;5.00;5.25;11/03/2021 10:36;11/03/2021 10:39;341ea1ac19
5wu4l8a8lypdp5zs5wu4lhj0xayzi7dh;8;4;7;5;7;3;4;9;7;6;9;5;Homme;1A;;2ER;Un DD;;;Oui, je suis dans un bureau d'association;;;Externe à la MDE (par contrainte);Véritable engagement;;;;Scientifique;;;0;0;2;3;6;oui;6.00;6.75;5.75;11/03/2021 10:28;11/03/2021 10:36;8e49060a0c
uwpf4t7jd3n8l0rkuwpo5kua7wzz7lr3;5;6;1;5;9;3;8;8;4;5;7;2;Homme;2A;PRISM;;;Semestre;;Oui, je suis dans un bureau d'association;;;Maison Des Elèves (MDE);Véritable engagement;;;;;;Entrepreneurial;0;0;3;5;3;Il n'y a personne dans la pièce;4.25;4.50;7.00;11/03/2021 10:30;11/03/2021 10:35;8ba07e280c
a13zivmkd6cuei0rt6a13zivig9uh8n3;3;1;4;4;1;1;5;2;6;5;6;2;Femme;1A;;2ER;Un DD;;;;Oui, en dehors du bureau (com);;Externe à la MDE (par choix);Véritable engagement;;;Solidaire;;Culturel/artistique;;0;1;4;5;3;Il n'y a personne dans la pièce;3.00;4.75;2.25;11/03/2021 10:31;11/03/2021 10:34;d3019121ea
37nj8k6uiklsqo4chkl37nj4rg6qzzpb;4;1;6;3;6;1;4;3;5;6;7;4;Homme;1A;;Je ne sais pas encore;Je ne sais pas;;;Oui, je suis dans un bureau d'association;;;Maison Des Elèves (MDE);Par défaut;Pas de projet particulier;;;;;;0;1;3;5;5;Il n'y a personne dans la pièce;3.50;5.50;3.50;11/03/2021 10:27;11/03/2021 10:32;f89392f43b
8j9fg7cl9cy16ui88j9fgo7037ikm36k;1;3;2;1;3;1;1;5;6;5;6;4;Homme;1A;;2IA;Un DD;;;Oui, je suis dans un bureau d'association;Oui, en dehors du bureau (com);;Maison Des Elèves (MDE);Par défaut;Pas de projet particulier;;;;;;0;1;5;5;4;Il n'y a personne dans la pièce;1.75;5.25;2.50;11/03/2021 10:22;11/03/2021 10:32;55274c3ee4
t23c997rugp37z6j7v3lt23c997ljurb;7;2;2;5;2;1;5;7;2;7;3;2;Femme;1A;;GC;Je ne sais pas;;;Oui, je suis dans un bureau d'association;;;Maison Des Elèves (MDE);Véritable engagement;;;Solidaire;;;;0;1;2;6;4;Il n'y a personne dans la pièce;4.00;3.50;3.75;11/03/2021 10:28;11/03/2021 10:31;e9722484ce
ke0x1z4j9cp9lwfw4ji68jvke0x1z4j9;2;6;7;1;1;1;4;7;7;7;6;2;Homme;2A;2ER;;;Non, je n'en ai pas demandé;;Oui, je suis dans un bureau d'association;;;Externe à la MDE (par choix);Véritable engagement;;;;Scientifique;;;0;1;4;1;3;oui;4.00;5.50;3.25;11/03/2021 10:24;11/03/2021 10:29;b60f6c2f61
re5ze4pnhny7alh4ddre5ze4hcurt12e;4;4;1;3;6;3;4;3;6;6;5;6;Homme;2A;GC;;;Non, je n'en ai pas demandé;;;Oui, en dehors du bureau (com);;Maison Des Elèves (MDE);Véritable engagement;;Enseignement;;;;;0;1;6;5;6;non;3.00;5.75;4.00;11/03/2021 10:19;11/03/2021 10:28;b60f6c2f61
0lj8drrg2dp8bm0lj8dn1sg23un8hp9n;7;6;4;7;8;6;8;9;6;7;7;7;Homme;2A;PRISM;;;Semestre;;Oui, je suis dans un bureau d'association;Oui, en dehors du bureau (com);;Maison Des Elèves (MDE);Véritable engagement;;;;Scientifique;;;0;1;5;6;5;non;6.00;6.75;7.75;11/03/2021 10:22;11/03/2021 10:26;b60f6c2f61
xtzja2s83er1djzxc0msqxtzja9bk1vd;7;6;7;4;4;5;3;8;7;7;8;7;Femme;2A;GC;;;DD;;Oui, je suis dans un bureau d'association;Oui, en dehors du bureau (com);;Externe à la MDE (par contrainte);Véritable engagement;;;Solidaire;;Culturel/artistique;;0;1;5;6;6;non;6.00;7.25;5.00;11/03/2021 10:20;11/03/2021 10:26;b60f6c2f61
a5zuezl57l973k9oapma5zurvavyuv69;2;1;4;6;1;1;1;2;9;7;5;2;Femme;2A;GC;;;Semestre;;;Oui, en dehors du bureau (com);;Maison Des Elèves (MDE);Véritable engagement;;Enseignement;Solidaire;;;;0;1;7;6;4;oui;3.25;5.75;1.25;11/03/2021 10:21;11/03/2021 10:25;b60f6c2f61
axutem30jrrloqdgnjaxut3kjp6pxni2;6;3;5;2;2;6;6;4;9;9;7;3;Femme;1A;;2ER;Je ne sais pas;;;;Oui, en dehors du bureau (com);;Maison Des Elèves (MDE);Véritable engagement;;Enseignement;;;;;0;1;3;5;3;Il n'y a personne dans la pièce;4.00;7.00;4.50;11/03/2021 10:21;11/03/2021 10:25;a1784ac34b
ucq9msax71tl5d1ucq7kuduie01gkeyq;6;3;2;3;2;3;3;1;8;7;6;4;Homme;2A;2IA;;;Non, je n'en ai pas demandé;;Oui, je suis dans un bureau d'association;;;Maison Des Elèves (MDE);Véritable engagement;Pas de projet particulier;;;;;;1;1;2;4;2;non;3.50;6.25;2.25;11/03/2021 09:41;11/03/2021 10:25;b60f6c2f61
ezk4mi05vf04chjvxezk4mx6ffemhera;6;3;5;4;4;5;4;7;6;6;6;3;Femme;2A;GC;;;Non, je n'en ai pas demandé;;Oui, je suis dans un bureau d'association;Oui, en dehors du bureau (com);;Maison Des Elèves (MDE);Véritable engagement;Pas de projet particulier;;;;;;0;1;2;5;2;non;4.50;5.25;5.00;11/03/2021 10:16;11/03/2021 10:24;b60f6c2f61
kazf2wyig45p5v1w67tkazf2iu84du4d;4;6;2;3;8;7;7;9;1;1;1;1;Femme;1A;;2IA;Un DD;;Non;;;;Externe à la MDE (par choix);Véritable engagement;;;;;Culturel/artistique;;0;0;1;3;4;Il n'y a personne dans la pièce;3.75;1.00;7.75;11/03/2021 10:21;11/03/2021 10:24;5b95eb9679
2h1ryeekzt98zof12h18rzm1nxd7kvgm;7;1;3;2;4;1;1;1;6;6;3;2;Femme;1A;;2IA;Un DD;;;Oui, je suis dans un bureau d'association;Oui, en dehors du bureau (com);;Maison Des Elèves (MDE);Véritable engagement;Pas de projet particulier;;;;;;0;1;5;6;7;Il n'y a personne dans la pièce;3.25;4.25;1.75;11/03/2021 10:19;11/03/2021 10:23;76dac8c972
mgtbnucq9pojihqq21mgtbnujc588qxc;2;3;3;3;1;3;3;1;7;6;6;6;Femme;2A;ECOMAP;;;Semestre;;Oui, je suis dans un bureau d'association;;;Maison Des Elèves (MDE);Véritable engagement;Pas de projet particulier;;;;;;0;0;7;7;5;Il n'y a personne dans la pièce;2.75;6.25;2.00;11/03/2021 10:20;11/03/2021 10:23;65a7150223
hn44syzh0qgialmrcyfhn44sy1kdf0m8;4;9;7;2;1;2;3;8;5;5;1;5;Homme;2A;GC;;;Semestre;;Oui, je suis dans un bureau d'association;;;Maison Des Elèves (MDE);Véritable engagement;Pas de projet particulier;;;;;;0;1;3;6;5;oui;5.50;4.00;3.50;11/03/2021 10:14;11/03/2021 10:22;b60f6c2f61
6oobh8e9kuit6bz8j86oobikyhoi0poc;9;6;3;8;9;7;9;9;3;2;5;2;Homme;1A;;PRISM;Rien;;;Oui, je suis dans un bureau d'association;;;Maison Des Elèves (MDE);Véritable engagement;Pas de projet particulier;;;;;;1;1;7;5;6;Il n'y a personne dans la pièce;6.50;3.00;8.50;11/03/2021 10:20;11/03/2021 10:22;52d7fdb557
l3gqxvwgbaukbchk2czul3gqxve4flaq;3;6;7;3;1;2;2;2;8;8;6;5;Homme;3A;2IA;;;Non, je n'ai pas obtenu mon choix;Non;;;;Maison Des Elèves (MDE);Véritable engagement;;;;;;Entrepreneurial;0;0;2;1;4;Il n'y a personne dans la pièce;4.75;6.75;1.75;11/03/2021 10:18;11/03/2021 10:22;fe29f07f76
dw98aqhqsff5vkv78yv4dw98azwenj40;5;2;2;2;3;1;2;3;2;6;4;5;Femme;2A;2ER;;;Non, je n'ai pas obtenu mon choix;;;Oui, en dehors du bureau (com);;Maison Des Elèves (MDE);Véritable engagement;;;;;Culturel/artistique;;0;1;6;6;4;Il n'y a personne dans la pièce;2.75;4.25;2.25;11/03/2021 10:18;11/03/2021 10:22;ad3cd21caf
2tq0shiu3l0kupqoba2tq0shi0hjwojo;8;7;7;7;1;2;2;7;6;8;5;6;Homme;1A;;ISERM;Je ne sais pas;;;;Oui, en dehors du bureau (com);;Maison Des Elèves (MDE);Véritable engagement;Pas de projet particulier;;;;;;0;0;1;4;2;Il n'y a personne dans la pièce;7.25;6.25;3.00;11/03/2021 10:18;11/03/2021 10:21;7efcb920f3
mfebv1ndph1pohtsmfepftsu2ynnmd00;7;1;2;2;3;3;3;5;8;8;7;5;Femme;3A;GC;;;Non, je n'ai pas obtenu mon choix;Non;;;;Maison Des Elèves (MDE);Par défaut;Pas de projet particulier;;;;;;1;1;5;5;4;oui;3.00;7.00;3.50;11/03/2021 10:18;11/03/2021 10:21;1a1e236a75
6000ekr59swbpvxw6000fjm3p4cja62g;7;8;7;5;2;1;1;9;6;7;8;6;Femme;1A;;PRISM;Rien;;;Oui, je suis dans un bureau d'association;;;Maison Des Elèves (MDE);Véritable engagement;Pas de projet particulier;;Solidaire;;;;0;1;7;7;7;Il n'y a personne dans la pièce;6.75;6.75;3.25;11/03/2021 10:20;11/03/2021 10:21;25db94df76
4day3530wn15ktuk04day10t03n5nfef;5;5;1;9;9;6;9;9;9;9;9;9;Homme;3A;ECOMAP;;;Semestre;Non;;;;Maison Des Elèves (MDE);Par défaut;Pas de projet particulier;;;;;;0;0;7;2;7;Il n'y a personne dans la pièce;5.00;9.00;8.25;11/03/2021 10:08;11/03/2021 10:20;1497ec72e6
vgtyoa9pxin4ylj2uvgovgtyoak59404;8;6;6;7;9;4;3;7;6;7;6;7;Homme;3A;PRISM;;;Non, je n'en ai pas demandé;Non;;;;Externe à la MDE (par choix);Par défaut;Pas de projet particulier;;;;;;0;1;6;1;3;Il n'y a personne dans la pièce;6.75;6.50;5.75;11/03/2021 10:15;11/03/2021 10:19;3253c99dc1
3g2h0vnig0zi7n8x34l5a3g2h0vnicf3;7;5;6;5;4;1;4;5;5;5;8;3;Homme;2A;2IA;;;Non, je n'en ai pas demandé;Non;;;;Externe à la MDE (par choix);Véritable engagement;;Enseignement;Solidaire;;;;0;0;1;1;2;Il n'y a personne dans la pièce;5.75;5.25;3.50;11/03/2021 10:15;11/03/2021 10:18;dfaddfd00b
612vyj100l21mdj612vkimfbg36zb2ga;6;3;8;3;1;2;2;8;9;9;6;2;Homme;1A;;ISERM;Un semestre;;;Oui, je suis dans un bureau d'association;;;Maison Des Elèves (MDE);Véritable engagement;Pas de projet particulier;;;;;;0;1;5;6;6;Il n'y a personne dans la pièce;5.00;6.50;3.25;11/03/2021 10:11;11/03/2021 10:16;f80e7873ec
dqleje2yop32ln6dfv1x8w7wxa2yqbl8;8;2;7;5;1;1;3;2;7;9;8;3;Femme;1A;;GC;Un semestre;;Non;;;;Maison Des Elèves (MDE);Véritable engagement;Pas de projet particulier;;;;;;0;1;7;6;7;non;5.50;6.75;1.75;11/03/2021 10:11;11/03/2021 10:15;411de40d80
48dkc3fdat0leshxax2c48dkcz4omi4h;2;2;1;3;3;1;7;9;6;6;5;1;Femme;2A;ECOMAP;;;Non, je n'en ai pas demandé;;Oui, je suis dans un bureau d'association;Oui, en dehors du bureau (com);;Externe à la MDE (par choix);Véritable engagement;;Enseignement;Solidaire;;;;0;1;6;5;4;non;2.00;4.50;5.00;11/03/2021 10:11;11/03/2021 10:14;0ea285ec1b
m4rlg5fdl01wbazm4rlgzds2mwduvnhl;3;5;6;3;2;2;5;5;5;3;3;3;Homme;1A;;ECOMAP;Un semestre;;Non;;;;Maison Des Elèves (MDE);Véritable engagement;;;;;Culturel/artistique;;0;1;3;6;4;Il n'y a personne dans la pièce;4.25;3.50;3.50;11/03/2021 10:11;11/03/2021 10:14;2b6c50729c
vramiox5arh4q6jj01p7vramio8aql10;7;5;7;4;1;1;1;2;6;7;9;6;Femme;1A;;PRISM;Un semestre;;;;Oui, en dehors du bureau (com);;Maison Des Elèves (MDE);Par défaut;Pas de projet particulier;;;;;;0;0;2;4;4;Il n'y a personne dans la pièce;5.75;7.00;1.25;11/03/2021 10:09;11/03/2021 10:13;f6be7a8e51
1ttb4kkotwtzh67r876kx8is1ttb4kk9;4;5;3;6;3;4;5;7;2;2;3;3;Femme;1A;;2ER;Un semestre;;;Oui, je suis dans un bureau d'association;Oui, en dehors du bureau (com);;Maison Des Elèves (MDE);Véritable engagement;;;Solidaire;;;;0;1;2;5;2;Il n'y a personne dans la pièce;4.50;2.50;4.75;11/03/2021 10:07;11/03/2021 10:12;174d8993e4
8i6wxf90pwb7n8c8i6wfdmdtuyo6thqq;6;3;5;4;7;3;4;4;6;7;8;4;Femme;1A;;2IA;Je ne sais pas;;Non;;;;Maison Des Elèves (MDE);Véritable engagement;Pas de projet particulier;;;;;;0;1;5;3;4;Il n'y a personne dans la pièce;4.50;6.25;4.50;11/03/2021 10:08;11/03/2021 10:12;2bb6346889
wdimwqtbyrbiiw7ljcz9ohzv22wdimwq;6;4;1;6;1;5;2;7;6;7;7;6;Homme;2A;GC;;;Semestre;;;;Oui, j'occupe un poste de capitaine sportif;Maison Des Elèves (MDE);Véritable engagement;Pas de projet particulier;;;;;;0;1;5;7;4;non;4.25;6.50;3.75;11/03/2021 10:07;11/03/2021 10:12;a4f9b17bf9
cz6fop7iwssv1lf0cccz6fopo2ddvpxi;7;6;6;7;4;2;2;1;7;8;8;8;Homme;1A;;GC;Un semestre;;;;Oui, en dehors du bureau (com);;Maison Des Elèves (MDE);Véritable engagement;;Enseignement;Solidaire;Scientifique;;;0;1;4;3;5;Il n'y a personne dans la pièce;6.50;7.75;2.25;11/03/2021 10:08;11/03/2021 10:12;b32a277b35
680twieajqwhfbce2680tno1k4jp4yiv;8;8;7;6;4;5;6;5;7;7;7;7;Homme;2A;2IA;;;Non, je n'en ai pas demandé;Non;;;;Maison Des Elèves (MDE);Véritable engagement;;;;;Culturel/artistique;;0;0;3;4;4;Il n'y a personne dans la pièce;7.25;7.00;5.00;11/03/2021 10:07;11/03/2021 10:11;ea9804182b
rz8wss4o9tpd1bu84rz8wssglrunv5ej;7;9;1;7;9;5;9;9;1;1;7;1;Homme;2A;ISERM;;;Semestre;;Oui, je suis dans un bureau d'association;;;Maison Des Elèves (MDE);Véritable engagement;;Enseignement;;;;;0;1;7;7;7;oui;6.00;2.50;8.00;11/03/2021 10:07;11/03/2021 10:10;e9722484ce
hdefzr4omx8n67k4je0whdefzr83t6l5;6;6;8;1;7;1;2;1;7;6;7;7;Femme;2A;2ER;;;DD;;Oui, je suis dans un bureau d'association;;Oui, j'occupe un poste de capitaine sportif;Maison Des Elèves (MDE);Véritable engagement;Pas de projet particulier;;;;;;0;1;3;4;3;oui;5.25;6.75;2.75;11/03/2021 10:06;11/03/2021 10:10;b60f6c2f61
hmu0x3j19uzvzshk49b1bs5jwgsxeczy;3;4;6;5;2;2;2;7;7;6;5;5;Femme;1A;;2ER;Un semestre;;;Oui, je suis dans un bureau d'association;;;Maison Des Elèves (MDE);Véritable engagement;Pas de projet particulier;;;;;;0;1;3;5;5;Il n'y a personne dans la pièce;4.50;5.75;3.25;11/03/2021 10:06;11/03/2021 10:09;a693d56c14
xv6byqx4w5p8bsqulxv6b2hsqkhmluok;8;4;9;6;6;5;8;8;9;9;9;7;Femme;3A;ISERM;;;Non, je n'en ai pas demandé;;Oui, je suis dans un bureau d'association;;;Maison Des Elèves (MDE);Véritable engagement;Pas de projet particulier;;;;;;0;1;7;7;7;oui;6.75;8.50;6.75;11/03/2021 10:05;11/03/2021 10:08;7e8eb0f1b9
tmxl43ndwr3z3j92i822cwtmxl43ndqe;8;7;7;8;2;2;7;5;7;7;6;3;Homme;2A;ECOMAP;;;Semestre;;Oui, je suis dans un bureau d'association;;;Maison Des Elèves (MDE);Véritable engagement;;;;;Culturel/artistique;Entrepreneurial;0;1;7;7;7;oui;7.50;5.75;4.00;11/03/2021 10:03;11/03/2021 10:06;1497ec72e6
lhlkt4wz00zpqqlhy0kzhciyy61qxy04;4;3;6;3;2;7;6;6;7;7;5;6;Homme;2A;ISERM;;;Non, je n'en ai pas demandé;;Oui, je suis dans un bureau d'association;;;Externe à la MDE (par choix);Véritable engagement;Pas de projet particulier;;;;;;0;1;3;4;3;Il n'y a personne dans la pièce;4.00;6.25;5.25;11/03/2021 10:00;11/03/2021 10:06;d19e4d17f7
izpgqaozenj7irjhbojeined11b8vs74;6;7;3;2;4;1;3;9;8;7;7;8;Homme;3A;GC;;;Non, je n'en ai pas demandé;Non;;;;Maison Des Elèves (MDE);Par défaut;;;;;Culturel/artistique;Entrepreneurial;0;0;1;1;1;Il n'y a personne dans la pièce;4.50;7.50;4.25;11/03/2021 09:59;11/03/2021 10:05;30fe856849
2o6y2b8199uh6f6l1b2o6y2y603s026z;8;9;8;6;1;4;7;5;1;6;7;5;Homme;1A;;ISERM;Je ne sais pas;;Non;;;;Maison Des Elèves (MDE);Véritable engagement;Pas de projet particulier;;;;;;0;1;7;7;6;non;7.75;4.75;4.25;11/03/2021 10:00;11/03/2021 10:04;a1784ac34b
tj4dy1fezxp2d7ojl71tj4dy12tap2vk;7;3;4;2;2;2;2;5;6;7;6;6;Femme;1A;;ECOMAP;Un semestre;;;Oui, je suis dans un bureau d'association;Oui, en dehors du bureau (com);Oui, j'occupe un poste de capitaine sportif;Maison Des Elèves (MDE);Véritable engagement;Pas de projet particulier;;;;;;0;1;7;7;6;Il n'y a personne dans la pièce;4.00;6.25;2.75;11/03/2021 10:00;11/03/2021 10:04;c539d83724
u3bvfhqltqu4tviu3bvfhjj3vvzl2en0;3;3;4;3;2;2;2;3;6;6;5;3;Femme;2A;ECOMAP;;;Non, je n'en ai pas demandé;;;Oui, en dehors du bureau (com);;Maison Des Elèves (MDE);Véritable engagement;;;;;Culturel/artistique;;0;1;5;6;6;Il n'y a personne dans la pièce;3.25;5.00;2.25;11/03/2021 10:01;11/03/2021 10:04;a1784ac34b
du8liemv0apoj42zc4kedu8livf6c8qc;7;7;7;7;4;5;1;5;5;6;6;6;Homme;1A;;Je ne sais pas encore;Rien;;Non;;;;Maison Des Elèves (MDE);Véritable engagement;;;;;;Entrepreneurial;0;0;2;2;5;Il n'y a personne dans la pièce;7.00;5.75;3.75;11/03/2021 09:56;11/03/2021 10:03;45e9942dda
22ihw3qfdltbng22ihwhvrrh7ks94nbo;4;1;6;6;1;1;3;5;2;2;3;3;Homme;1A;;ECOMAP;Un semestre;;Non;;;;Maison Des Elèves (MDE);Par défaut;;;;;Culturel/artistique;;0;0;2;5;1;Il n'y a personne dans la pièce;4.25;2.50;2.50;11/03/2021 10:00;11/03/2021 10:03;a1784ac34b
734kamsnzljf1r3y734kae8qjqxmuqix;2;4;4;2;2;2;1;5;1;3;3;2;Homme;2A;2ER;;;Non, je n'ai pas obtenu mon choix;;Oui, je suis dans un bureau d'association;;;Maison Des Elèves (MDE);Véritable engagement;Pas de projet particulier;;;;;;0;1;3;2;5;oui;3.00;2.25;2.50;11/03/2021 09:58;11/03/2021 10:03;b60f6c2f61
b64jt1rvgt25ra69szw5b64j7d3hsqnh;6;2;2;6;9;7;7;9;6;4;7;3;Homme;2A;ECOMAP;;;DD;;;Oui, en dehors du bureau (com);;Externe à la MDE (par choix);Véritable engagement;;;;;Culturel/artistique;;0;1;4;6;6;Il n'y a personne dans la pièce;4.00;5.00;8.00;11/03/2021 09:55;11/03/2021 10:02;b1b11fffb9
kvxdf90qy7verzqp6lnokvxdf5d88o31;6;6;1;4;1;4;2;1;6;7;6;3;Femme;2A;2ER;;;Semestre;;Oui, je suis dans un bureau d'association;Oui, en dehors du bureau (com);;Maison Des Elèves (MDE);Véritable engagement;;Enseignement;;;;;0;1;4;3;4;Il n'y a personne dans la pièce;4.25;5.50;2.00;11/03/2021 09:57;11/03/2021 10:01;b60f6c2f61
ca5v733frmozhky9eej8ak0ca5v73p9p;6;3;3;5;8;3;3;6;8;8;8;6;Homme;1A;;PRISM;Je ne sais pas;;Non;;;;Externe à la MDE (par choix);Par défaut;;;;Scientifique;Culturel/artistique;;0;0;2;1;4;oui;4.25;7.50;5.00;11/03/2021 09:53;11/03/2021 10:00;1976a8aa96
j251766r5cgr4hqxsj2518fdrma5jc7v;4;6;5;3;1;3;1;6;5;3;2;2;Femme;2A;2IA;;;DD;;Oui, je suis dans un bureau d'association;;;Maison Des Elèves (MDE);Véritable engagement;;Enseignement;Solidaire;Scientifique;Culturel/artistique;;0;1;4;4;5;oui;4.50;3.00;2.75;11/03/2021 09:56;11/03/2021 10:00;f6be7a8e51
uottka9qjznwqfpuotth600u3fnn16no;5;5;6;3;2;2;3;7;3;6;5;5;Femme;2A;ECOMAP;;;Semestre;;Oui, je suis dans un bureau d'association;Oui, en dehors du bureau (com);Oui, j'occupe un poste de capitaine sportif;Maison Des Elèves (MDE);Véritable engagement;;;;;Culturel/artistique;;0;1;5;4;4;Il n'y a personne dans la pièce;4.75;4.75;3.50;11/03/2021 09:55;11/03/2021 10:00;a693d56c14
ob8ahrljmvammcsvhtoob8bilfugs6ca;6;1;7;1;1;1;1;1;7;6;6;1;Femme;2A;GC;;;Semestre;;Oui, je suis dans un bureau d'association;;Oui, j'occupe un poste de capitaine sportif;Maison Des Elèves (MDE);Véritable engagement;Pas de projet particulier;;;;;;0;1;6;7;7;non;3.75;5.00;1.00;11/03/2021 09:58;11/03/2021 10:00;df9eea1c34
9du4nry3x3hnudbk3r9du0t5ug10w842;3;2;3;1;3;5;3;1;3;6;9;3;Homme;2A;PRISM;;;Non, je n'en ai pas demandé;;;Oui, en dehors du bureau (com);;Externe à la MDE (par contrainte);Véritable engagement;;;;;;Entrepreneurial;0;1;4;1;3;Il n'y a personne dans la pièce;2.25;5.25;3.00;11/03/2021 09:47;11/03/2021 10:00;1b975dd5fd
bmlrrg811nprluszqyybmlrrgyltvec4;3;2;4;3;7;3;6;4;9;7;7;5;Homme;2A;2IA;;;Semestre;;Oui, je suis dans un bureau d'association;Oui, en dehors du bureau (com);;Maison Des Elèves (MDE);Véritable engagement;Pas de projet particulier;;;;;;0;0;6;5;5;oui;3.00;7.00;5.00;11/03/2021 09:56;11/03/2021 09:59;65a7150223
hip7mab9a68rx2fhip7avxy73hnd8gly;6;6;6;3;2;1;4;3;8;8;7;7;Femme;3A;PRISM;;;Semestre;;;Oui, en dehors du bureau (com);;Maison Des Elèves (MDE);Véritable engagement;;Enseignement;;;;;0;0;5;6;5;Il n'y a personne dans la pièce;5.25;7.50;2.50;11/03/2021 09:56;11/03/2021 09:59;3d7e305aa9
ty6s5994fn2iinnlvty6s5l2tc2pcr7w;3;5;8;3;7;6;2;2;9;8;8;5;Femme;1A;;Je ne sais pas encore;Je ne sais pas;;Non;;;;Maison Des Elèves (MDE);Véritable engagement;;;;;Culturel/artistique;;0;1;2;5;4;Il n'y a personne dans la pièce;4.75;7.50;4.25;11/03/2021 09:56;11/03/2021 09:59;89012e981f
y4q04698okffelyynzt4y4q046pql1u4;7;7;6;2;3;1;1;3;6;7;6;2;Femme;2A;2IA;;;Semestre;;Oui, je suis dans un bureau d'association;Oui, en dehors du bureau (com);;Externe à la MDE (par choix);Véritable engagement;;Enseignement;;;Culturel/artistique;Entrepreneurial;0;1;4;5;4;non;5.50;5.25;2.00;11/03/2021 09:55;11/03/2021 09:58;b60f6c2f61
8nqz12s5yiw9j8voakd88nqz12qzr1pc;9;2;7;3;8;1;7;5;6;3;3;3;Homme;2A;2ER;;;Semestre;;Oui, je suis dans un bureau d'association;;;Maison Des Elèves (MDE);Véritable engagement;;;;;Culturel/artistique;;0;1;5;3;6;non;5.25;3.75;5.25;11/03/2021 09:47;11/03/2021 09:58;316a6498b3
s8tgk2vqq7gvdfs8tc3mg0c3uumpnifg;6;4;4;2;9;3;6;4;3;2;2;1;Femme;3A;2IA;;;Semestre;Non;;;;Externe à la MDE (par contrainte);Par défaut;;;;;Culturel/artistique;;0;0;1;2;2;oui;4.00;2.00;5.50;11/03/2021 09:52;11/03/2021 09:57;bd80a04132
yez0jw58nyfk8th29rnyez0niunauxpv;6;6;8;4;5;3;2;4;7;7;6;4;Homme;2A;2IA;;;Semestre;;Oui, je suis dans un bureau d'association;;;Externe à la MDE (par choix);Véritable engagement;;;;Scientifique;;;0;0;4;3;3;oui;6.00;6.00;3.50;11/03/2021 09:54;11/03/2021 09:57;7efcb920f3
nbtrfq50lxcadsczma0etnbtrfq77ojs;2;6;3;7;1;2;6;7;4;7;7;6;Femme;3A;ISERM;;;Non, je n'en ai pas demandé;;Oui, je suis dans un bureau d'association;;;Maison Des Elèves (MDE);Par défaut;Pas de projet particulier;;;;;;0;1;6;5;5;Il n'y a personne dans la pièce;4.50;6.00;4.00;11/03/2021 09:53;11/03/2021 09:57;845117244b
4zt1socpu8f9mubag4zt1socla6n5mcz;4;7;3;3;1;3;2;6;7;8;1;3;Homme;2A;GC;;;Non, je n'ai pas obtenu mon choix;;Oui, je suis dans un bureau d'association;Oui, en dehors du bureau (com);;Maison Des Elèves (MDE);Véritable engagement;Pas de projet particulier;;;;;;0;1;4;6;5;oui;4.25;4.75;3.00;11/03/2021 09:54;11/03/2021 09:57;b60f6c2f61
72m3vhtk3j9r72yn887hefnkfgoh0he8;1;1;2;1;1;2;3;9;6;6;5;2;Homme;2A;2ER;;;Non, je n'en ai pas demandé;;;;Oui, j'occupe un poste de capitaine sportif;Maison Des Elèves (MDE);Véritable engagement;;Enseignement;;;Culturel/artistique;;0;0;2;2;1;oui;1.25;4.75;3.75;11/03/2021 09:54;11/03/2021 09:57;b60f6c2f61
wf81n0ad2l85xt2ywf8a6edd5q8eo8mk;5;8;9;2;8;3;4;7;1;1;2;2;Homme;2A;2IA;;;Non, je n'en ai pas demandé;Non;;;;Externe à la MDE (par contrainte);Par défaut;Pas de projet particulier;;;;;;0;0;1;1;1;oui;6.00;1.50;5.50;11/03/2021 09:50;11/03/2021 09:56;b60f6c2f61
l1tl6cjz1mxmyn7co9l1tl6zwj7bnm39;4;6;7;5;1;3;5;6;7;7;7;6;Homme;1A;;Je ne sais pas encore;Un DD;;Non;;;;Maison Des Elèves (MDE);Par défaut;Pas de projet particulier;;;;;;0;0;1;5;2;Il n'y a personne dans la pièce;5.50;6.75;3.75;11/03/2021 09:54;11/03/2021 09:56;968b3d3c52
ppw9l12zn17x9a88ppw9lxner5o6uy4k;2;6;8;6;7;7;8;9;2;1;3;2;Homme;1A;;2IA;Un semestre;;;Oui, je suis dans un bureau d'association;;;Maison Des Elèves (MDE);Véritable engagement;;;Solidaire;;;;0;0;4;2;1;Il n'y a personne dans la pièce;5.50;2.00;7.75;11/03/2021 09:53;11/03/2021 09:56;f6be7a8e51
8388zevpx5vp1r8388b166oc3jeal8hg;3;1;2;2;3;1;1;2;2;6;3;6;Femme;2A;GC;;;Non, je n'en ai pas demandé;;;;Oui, j'occupe un poste de capitaine sportif;Externe à la MDE (par choix);Par défaut;Pas de projet particulier;;;;;;1;1;2;2;4;non;2.00;4.25;1.75;11/03/2021 09:52;11/03/2021 09:56;b60f6c2f61
815j02mkr9rndob8mtu8j5815j02msp8;5;3;6;3;4;4;6;6;6;6;7;4;Homme;1A;;Je ne sais pas encore;Un DD;;Non;;;;Externe à la MDE (par choix);Par défaut;;;Solidaire;;;;0;0;4;2;4;Il n'y a personne dans la pièce;4.25;5.75;5.00;11/03/2021 09:47;11/03/2021 09:55;0b10d5796e
6e5ay5pijd4y60exkbdes6e5ay5tiy8f;3;1;4;2;1;2;1;6;9;8;4;7;Homme;2A;2IA;;;Non, je n'en ai pas demandé;;Oui, je suis dans un bureau d'association;;;Maison Des Elèves (MDE);Par défaut;Pas de projet particulier;;;;;;0;1;7;6;6;non;2.50;7.00;2.50;11/03/2021 09:42;11/03/2021 09:55;ab436df169
z5sjx843na7visv3z5sjxhyv5un0188f;3;5;6;3;3;2;2;4;8;7;6;4;Homme;2A;2ER;;;Non, je n'ai pas obtenu mon choix;;Oui, je suis dans un bureau d'association;;;Maison Des Elèves (MDE);Véritable engagement;;;;;Culturel/artistique;;0;1;6;6;5;non;4.25;6.25;2.75;11/03/2021 09:47;11/03/2021 09:54;b60f6c2f61
ldmu8vh85o3tiw1uhit8ldmu8ksq4nh0;6;3;2;2;3;3;3;3;3;5;2;5;Femme;2A;ECOMAP;;;Non, je n'en ai pas demandé;;Oui, je suis dans un bureau d'association;Oui, en dehors du bureau (com);;Maison Des Elèves (MDE);Véritable engagement;Pas de projet particulier;;;;;;0;1;6;6;6;Il n'y a personne dans la pièce;3.25;3.75;3.00;11/03/2021 09:51;11/03/2021 09:54;65a7150223
nw49vmbdwlp2nw49vkfg87hee1tm064u;4;4;8;5;4;2;7;6;7;6;6;2;Homme;2A;2ER;;;DD;;Oui, je suis dans un bureau d'association;Oui, en dehors du bureau (com);;Maison Des Elèves (MDE);Véritable engagement;Pas de projet particulier;;;;;;0;1;7;6;7;non;5.25;5.25;4.75;11/03/2021 09:45;11/03/2021 09:54;b60f6c2f61
saaxhaxz0ijssy9x3osaaxhaz0g126bs;6;8;4;2;2;1;2;6;7;5;8;8;Homme;2A;2ER;;;DD;;Oui, je suis dans un bureau d'association;;;Externe à la MDE (par choix);Par défaut;;;Solidaire;;;;1;1;2;3;4;non;5.00;7.00;2.75;11/03/2021 09:48;11/03/2021 09:54;b60f6c2f61
1hqaxmqdpir2ynaa1hqalch6efjgn54o;6;8;7;6;4;3;2;2;7;8;7;5;Femme;2A;2IA;;;DD;;Oui, je suis dans un bureau d'association;Oui, en dehors du bureau (com);;Maison Des Elèves (MDE);Véritable engagement;Pas de projet particulier;;;;;;0;1;5;6;4;oui;6.75;6.75;2.75;11/03/2021 09:47;11/03/2021 09:54;174d8993e4
9fhv0diimvb6slbzjp9fhv0dkstve079;3;1;6;5;4;3;5;6;8;9;8;6;Femme;3A;PRISM;;;Non, je n'en ai pas demandé;;Oui, je suis dans un bureau d'association;;;Maison Des Elèves (MDE);Véritable engagement;;;Solidaire;;;;1;1;5;5;7;Il n'y a personne dans la pièce;3.75;7.75;4.50;11/03/2021 09:49;11/03/2021 09:53;39ae30d0b0
1z9ji8gdiuzsy1z9hbmzce4niyxrwnmq;7;5;5;6;6;6;5;7;7;7;7;7;Homme;2A;PRISM;;;DD;;Oui, je suis dans un bureau d'association;Oui, en dehors du bureau (com);;Maison Des Elèves (MDE);Véritable engagement;Pas de projet particulier;;;;;;1;1;4;5;5;Il n'y a personne dans la pièce;5.75;7.00;6.00;11/03/2021 09:50;11/03/2021 09:53;845117244b
ltv18q8zdv5f33gd8ltvz0v0di3mp95l;6;3;5;3;2;1;6;8;6;7;6;2;Homme;2A;2ER;;;DD;;Oui, je suis dans un bureau d'association;;;Externe à la MDE (par contrainte);Véritable engagement;;;Solidaire;;;;0;0;2;2;3;oui;4.25;5.25;4.25;11/03/2021 09:47;11/03/2021 09:52;b60f6c2f61
k1tim59qlaqny60tmtlk1tim58qjp9fz;2;3;7;3;3;2;1;3;6;9;1;7;Homme;3A;2IA;;;Non, je n'ai pas obtenu mon choix;;Oui, je suis dans un bureau d'association;;;Maison Des Elèves (MDE);Véritable engagement;Pas de projet particulier;;;;;;0;1;2;6;5;oui;3.75;5.75;2.25;11/03/2021 09:48;11/03/2021 09:52;bd294005df
888qh9p1x005zau707v8x888q9ef64on;4;2;7;4;1;3;1;7;9;9;6;6;Femme;2A;2IA;;;Non, je n'en ai pas demandé;;;;Oui, j'occupe un poste de capitaine sportif;Maison Des Elèves (MDE);Véritable engagement;;;;;Culturel/artistique;;0;1;6;6;5;oui;4.25;7.50;3.00;11/03/2021 09:47;11/03/2021 09:51;55fe0e9571
oz7vkx4bmo6dkrcoz7vbrsbzz9yef6cg;4;2;2;4;1;3;1;7;7;8;8;6;Femme;2A;2ER;;;Semestre;;Oui, je suis dans un bureau d'association;;;Maison Des Elèves (MDE);Véritable engagement;;Enseignement;;;;;0;1;6;6;5;non;3.00;7.25;3.00;11/03/2021 09:48;11/03/2021 09:51;b60f6c2f61
qarjxl2ena4pm2qarjddvtqs1ykgbj30;7;3;8;3;1;2;1;6;7;8;6;5;Femme;2A;GC;;;DD;;Oui, je suis dans un bureau d'association;;;Maison Des Elèves (MDE);Véritable engagement;;;;;Culturel/artistique;;0;1;6;6;6;oui;5.25;6.50;2.50;11/03/2021 09:45;11/03/2021 09:51;df9eea1c34
v9b8aw9ffrmq6v9ie3dti613oc4henuz;7;8;8;6;4;2;3;5;6;5;5;1;Homme;3A;PRISM;;;Non, je n'en ai pas demandé;;;;Oui, j'occupe un poste de capitaine sportif;Maison Des Elèves (MDE);Véritable engagement;;;;;;Entrepreneurial;0;1;7;4;5;oui;7.25;4.25;3.50;11/03/2021 09:45;11/03/2021 09:51;883e55c585
qbervfmekv2h3obqber6shih4hajbpr7;6;3;8;6;7;7;2;7;6;5;5;3;Femme;2A;GC;;;DD;Non;;;;Externe à la MDE (par choix);Véritable engagement;Pas de projet particulier;;;;;;0;0;5;2;5;non;5.75;4.75;5.75;11/03/2021 09:44;11/03/2021 09:51;df9eea1c34
v14t1ias9hqazxg6p4uoauv14t1056ri;3;1;4;2;1;1;1;1;7;8;6;2;Femme;3A;PRISM;;;Non, je n'en ai pas demandé;Non;;;;Externe à la MDE (par choix);Par défaut;;;;;Culturel/artistique;;0;0;2;2;2;Il n'y a personne dans la pièce;2.50;5.75;1.00;11/03/2021 09:48;11/03/2021 09:51;1c92d7a63c
1vyss7ssaoun8kkbof8511vyss7ssgyr;4;4;2;7;1;3;3;8;4;7;7;3;Homme;2A;2IA;;;Non, je n'en ai pas demandé;Non;;;;Externe à la MDE (par contrainte);Véritable engagement;Pas de projet particulier;;;;;;0;0;1;1;2;non;4.25;5.25;3.75;11/03/2021 09:42;11/03/2021 09:50;b60f6c2f61
10zhkncujwvj9rh6s10zhw2yyy9g8g4d;4;2;6;3;3;2;3;3;7;5;6;6;Femme;2A;PRISM;;;Semestre;;;Oui, en dehors du bureau (com);;Externe à la MDE (par contrainte);Véritable engagement;Pas de projet particulier;;;;;;0;1;3;3;4;Il n'y a personne dans la pièce;3.75;6.00;2.75;11/03/2021 09:44;11/03/2021 09:50;565439f7ca
znjk1btdsm818uk4iajznjkj8pwho68s;1;1;1;3;8;1;1;9;2;1;1;7;Femme;2A;ISERM;;;Non, je n'en ai pas demandé;;Oui, je suis dans un bureau d'association;Oui, en dehors du bureau (com);;Externe à la MDE (par contrainte);Par défaut;;;Solidaire;;;;0;1;6;2;3;Il n'y a personne dans la pièce;1.50;2.75;4.75;11/03/2021 09:41;11/03/2021 09:50;82753a264a
nybvpo2e2hmibwc7dptx2gnybvpohekn;1;7;5;2;1;1;1;7;1;7;2;6;Femme;1A;;Je ne sais pas encore;Je ne sais pas;;Non;;;;Maison Des Elèves (MDE);Par défaut;Pas de projet particulier;;;;;;0;0;1;1;1;Il n'y a personne dans la pièce;3.75;4.00;2.50;11/03/2021 09:46;11/03/2021 09:49;1497ec72e6
t21rb7vqny5zx7vlzpt21rbz0j01iy5j;2;3;1;2;2;2;1;1;1;3;1;2;Homme;2A;2ER;;;Non, je n'ai pas obtenu mon choix;;Oui, je suis dans un bureau d'association;;;Maison Des Elèves (MDE);Véritable engagement;Pas de projet particulier;;;;;;0;1;3;3;5;non;2.00;1.75;1.50;11/03/2021 09:45;11/03/2021 09:49;b60f6c2f61
szzq03gdy5yyyxumsxstjbszzq0gbvwd;2;1;3;1;1;1;1;1;3;4;4;2;Femme;2A;GC;;;Semestre;;Oui, je suis dans un bureau d'association;;Oui, j'occupe un poste de capitaine sportif;Maison Des Elèves (MDE);Véritable engagement;Pas de projet particulier;;;;;;0;1;5;7;7;non;1.75;3.25;1.00;11/03/2021 09:40;11/03/2021 09:49;df9eea1c34
q5ny9xnalzj8zwl40tq5n5i6y1tgyqmg;3;2;3;1;1;1;5;6;7;6;6;2;Femme;2A;2ER;;;Semestre;;;Oui, en dehors du bureau (com);Oui, j'occupe un poste de capitaine sportif;Maison Des Elèves (MDE);Véritable engagement;Pas de projet particulier;;;;;;0;1;5;6;5;oui;2.25;5.25;3.25;11/03/2021 09:44;11/03/2021 09:48;b60f6c2f61
oauwycinv08kk9m8oauwyccyz9k6vyk7;7;4;7;5;4;2;3;5;6;8;8;2;Homme;1A;;PRISM;Un semestre;;;;Oui, en dehors du bureau (com);;Maison Des Elèves (MDE);Véritable engagement;;;;;Culturel/artistique;;1;1;7;6;7;Il n'y a personne dans la pièce;5.75;6.00;3.50;11/03/2021 09:45;11/03/2021 09:48;45e9942dda
gdxockf5oa1inl8a5b0gdxod7yhdl9io;7;5;1;5;9;1;2;6;6;6;7;4;Homme;2A;ISERM;;;Semestre;;;Oui, en dehors du bureau (com);;Externe à la MDE (par choix);Par défaut;Pas de projet particulier;;;;;;0;1;2;2;2;oui;4.50;5.75;4.50;11/03/2021 09:43;11/03/2021 09:47;ecc58b30d0
pey1q2wvfvzqnk29alxjopey1qhzc5kp;8;8;6;3;1;7;6;6;2;2;2;2;Homme;2A;2IA;;;Non, je n'en ai pas demandé;Non;;;;Maison Des Elèves (MDE);Véritable engagement;;;;;Culturel/artistique;;0;0;1;1;1;Il n'y a personne dans la pièce;6.25;2.00;5.00;11/03/2021 09:42;11/03/2021 09:47;2029f87045
u6i1ny7nxcrl3sfa2miyu6i1ny7cdfng;7;7;7;8;2;6;8;9;5;5;7;9;Homme;1A;;PRISM;Un semestre;;;Oui, je suis dans un bureau d'association;;;Maison Des Elèves (MDE);Véritable engagement;Pas de projet particulier;;;;;;0;1;6;5;5;Il n'y a personne dans la pièce;7.25;6.50;6.25;11/03/2021 09:42;11/03/2021 09:47;8ba07e280c
mawqd815hu8tb3h75bekt22mawqd811r;5;7;9;4;9;3;2;5;3;3;8;5;Homme;3A;PRISM;;;Non, je n'en ai pas demandé;Non;;;;Maison Des Elèves (MDE);Par défaut;Pas de projet particulier;;;;;;0;0;4;2;2;Il n'y a personne dans la pièce;6.25;4.75;4.75;11/03/2021 09:44;11/03/2021 09:46;dc6832836a
llrm8t34zlvs539llrmp9cp1z9zjno1w;7;6;3;2;1;1;1;3;5;9;1;6;Femme;2A;2ER;;;DD;;Oui, je suis dans un bureau d'association;Oui, en dehors du bureau (com);;Maison Des Elèves (MDE);Véritable engagement;Pas de projet particulier;;;;;;0;1;2;6;3;Il n'y a personne dans la pièce;4.50;5.25;1.50;11/03/2021 09:42;11/03/2021 09:45;b60f6c2f61
3heqlz07pw4ry5px3heq5pgbj1m5sf7g;4;7;4;3;1;6;1;6;8;4;3;6;Femme;2A;2ER;;;Non, je n'ai pas obtenu mon choix;;Oui, je suis dans un bureau d'association;;;Maison Des Elèves (MDE);Véritable engagement;Pas de projet particulier;;;;;;0;1;7;6;6;oui;4.50;5.25;3.50;11/03/2021 09:40;11/03/2021 09:45;b60f6c2f61
v8ll105ow5rn3zv59lu1zv8ll1f75546;5;2;3;1;5;2;2;2;2;3;2;2;Femme;2A;GC;;;DD;;Oui, je suis dans un bureau d'association;Oui, en dehors du bureau (com);;Maison Des Elèves (MDE);Véritable engagement;;;;;Culturel/artistique;;0;1;5;7;7;oui;2.75;2.25;2.75;11/03/2021 09:41;11/03/2021 09:45;b60f6c2f61
hhwmxlsm806judmh4efuahhwmxlqvx2q;7;7;8;6;1;1;1;5;8;8;5;3;Homme;2A;PRISM;;;Non, je n'en ai pas demandé;;Oui, je suis dans un bureau d'association;;;Maison Des Elèves (MDE);Véritable engagement;;;;Scientifique;;;1;0;5;5;5;non;7.00;6.00;2.00;11/03/2021 09:40;11/03/2021 09:45;b60f6c2f61
byebmhksx09vwqh4lpbyebmhy3xsvles;2;3;4;1;1;2;3;7;6;7;6;3;Femme;3A;2ER;;;Semestre;Non;;;;Maison Des Elèves (MDE);Par défaut;;;Solidaire;;;;0;0;3;5;3;Il n'y a personne dans la pièce;2.50;5.50;3.25;11/03/2021 09:41;11/03/2021 09:45;10199607a0
mkuy3bi0tgn25xmkuqvcw9dvs08wzhj8;3;6;2;3;5;3;4;6;6;7;7;4;Homme;3A;2IA;;;Non, je n'ai pas obtenu mon choix;Non;;;;Maison Des Elèves (MDE);Véritable engagement;;;;;Culturel/artistique;;0;1;4;5;3;Il n'y a personne dans la pièce;3.50;6.00;4.50;11/03/2021 09:41;11/03/2021 09:44;e0e39da370
84q8b3cmgw9gcw3oi84q8b3zh7j2yxtq;1;1;2;2;5;1;1;1;5;5;5;5;Homme;3A;ECOMAP;;;Non, je n'ai pas obtenu mon choix;Non;;;;Externe à la MDE (par choix);Par défaut;;;;;Culturel/artistique;;0;1;3;4;5;Il n'y a personne dans la pièce;1.50;5.00;2.00;11/03/2021 09:41;11/03/2021 09:44;b60f6c2f61
gk50nrm9ddpygk5qcko7up82o427z4bm;7;8;7;8;3;7;8;7;6;5;5;5;Homme;3A;2IA;;;Non, je n'ai pas obtenu mon choix;;Oui, je suis dans un bureau d'association;;;Maison Des Elèves (MDE);Véritable engagement;Pas de projet particulier;;;;;;0;1;7;7;5;Il n'y a personne dans la pièce;7.50;5.25;6.25;11/03/2021 09:41;11/03/2021 09:44;b467cfff9b
apl697sb7d5xhj3capl790r8gw1yyy4b;7;3;7;7;2;1;8;9;7;9;2;1;Homme;3A;2IA;;;Semestre;;Oui, je suis dans un bureau d'association;Oui, en dehors du bureau (com);;Maison Des Elèves (MDE);Véritable engagement;Pas de projet particulier;;;;;;1;0;7;6;4;Il n'y a personne dans la pièce;6.00;4.75;5.00;11/03/2021 09:41;11/03/2021 09:44;f17e18d599
qx0ee2vd9m8fm500iqx0eei5fvln5m02;7;8;6;5;7;4;7;8;9;7;9;3;Homme;2A;2IA;;;DD;Non;;;;Maison Des Elèves (MDE);Véritable engagement;;;;Scientifique;;;1;0;4;1;4;non;6.50;7.00;6.50;11/03/2021 09:33;11/03/2021 09:37;2bd1dc438d